{
    "simulation_ticks": 200,
    "tick_delay_seconds": 0.1,
    "pyfly_config_path": "mock_config.txt",
    "pyfly_param_path": "mock_param.txt",
    "mas_config": {
        "contract_frequency": 9999,
        "contract_skills": [
            "search",
            "rescue"
        ]
    },
    "drones": [
        {
            "id": "D1",
            "skills": [
                "search"
            ],
            "cost": 1,
            "time": 1,
            "quality": 1,
            "initial_battery": 100,
            "initial_position": [
                5.0,
                5.0
            ],
            "route_type": "fixed_patrol",
            "route": [
                [
                    4.059204867782604,
                    1.793096795247549
                ],
                [
                    7.477653887925657,
                    2.927876935328883
                ],
                [
                    6.447469560434523,
                    2.950261142129035
                ],
                [
                    1.8314475974986557,
                    3.7878902350831556
                ],
                [
                    4.486916414951901,
                    2.96431550849755
                ]
            ]
        },
        {
            "id": "D2",
            "skills": [
                "search"
            ],
            "cost": 1,
            "time": 1,
            "quality": 1,
            "initial_battery": 100,
            "initial_position": [
                5.0,
                5.0
            ],
            "route_type": "fixed_patrol",
            "route": [
                [
                    1.2973990440622698,
                    2.0978448277092054
                ],
                [
                    5.92385341001428,
                    4.585322501474811
                ],
                [
                    4.160713494075146,
                    1.7790534505103581
                ],
                [
                    6.852925254753255,
                    7.231589312132094
                ],
                [
                    7.638125908372728,
                    3.123185253134002
                ]
            ]
        },
        {
            "id": "D3",
            "skills": [
                "search"
            ],
            "cost": 1,
            "time": 1,
            "quality": 1,
            "initial_battery": 100,
            "initial_position": [
                5.0,
                5.0
            ],
            "route_type": "fixed_patrol",
            "route": [
                [
                    6.846638446080682,
                    4.255625494979383
                ],
                [
                    6.9527094540225525,
                    6.620951763219266
                ],
                [
                    1.9531550973119174,
                    2.0219455681187677
                ],
                [
                    6.22983498578256,
                    1.0470473902566377
                ],
                [
                    6.266943970061381,
                    3.574421119880993
                ]
            ]
        }
    ]
}