{
    "simulation_ticks": 200,
    "tick_delay_seconds": 0.1,
    "pyfly_config_path": "mock_config.txt",
    "pyfly_param_path": "mock_param.txt",
    "mas_config": {
        "contract_frequency": 9999,
        "contract_skills": [
            "search",
            "rescue"
        ]
    },
    "drones": [
        {
            "id": "D1",
            "skills": [
                "search"
            ],
            "cost": 1,
            "time": 1,
            "quality": 1,
            "initial_battery": 100,
            "initial_position": [
                5.0,
                5.0
            ],
            "route_type": "fixed_patrol",
            "route": [
                [
                    8.369942083710614,
                    4.584004956872028
                ],
                [
                    1.234525917273852,
                    7.4615695288152235
                ],
                [
                    6.300265960908559,
                    7.415515659876648
                ],
                [
                    4.066709293153179,
                    4.474963903484035
                ],
                [
                    3.549493791527982,
                    4.311530843073415
                ]
            ]
        },
        {
            "id": "D2",
            "skills": [
                "search"
            ],
            "cost": 1,
            "time": 1,
            "quality": 1,
            "initial_battery": 100,
            "initial_position": [
                5.0,
                5.0
            ],
            "route_type": "fixed_patrol",
            "route": [
                [
                    7.886841166481728,
                    8.713697720106014
                ],
                [
                    5.642188736422168,
                    3.2791995293086806
                ],
                [
                    2.735704785351852,
                    6.279515646945808
                ],
                [
                    3.967414039172758,
                    4.44788389194342
                ],
                [
                    4.605817626073768,
                    4.918287042514132
                ]
            ]
        },
        {
            "id": "D3",
            "skills": [
                "search"
            ],
            "cost": 1,
            "time": 1,
            "quality": 1,
            "initial_battery": 100,
            "initial_position": [
                5.0,
                5.0
            ],
            "route_type": "fixed_patrol",
            "route": [
                [
                    8.51768250483391,
                    8.924711120312228
                ],
                [
                    5.61149222007663,
                    6.3583113223838765
                ],
                [
                    7.2728505464646975,
                    5.20707479586672
                ],
                [
                    4.654915937073983,
                    1.4844311585307057
                ],
                [
                    1.4589726687536464,
                    8.20283334305948
                ]
            ]
        }
    ]
}