{
    "simulation_ticks": 200,
    "tick_delay_seconds": 0.1,
    "pyfly_config_path": "mock_config.txt",
    "pyfly_param_path": "mock_param.txt",
    "mas_config": {
        "contract_frequency": 9999,
        "contract_skills": [
            "search",
            "rescue"
        ]
    },
    "drones": [
        {
            "id": "D1",
            "skills": [
                "search"
            ],
            "cost": 1,
            "time": 1,
            "quality": 1,
            "initial_battery": 100,
            "initial_position": [
                5.0,
                5.0
            ],
            "route_type": "fixed_patrol",
            "route": [
                [
                    8.671203785750103,
                    5.351468055730497
                ],
                [
                    5.643104535608446,
                    2.480992470329605
                ],
                [
                    6.674849212163443,
                    2.201307654266021
                ],
                [
                    2.7854817170026323,
                    6.2484199086564365
                ],
                [
                    1.4956479916910128,
                    1.2097703861884384
                ]
            ]
        },
        {
            "id": "D2",
            "skills": [
                "search"
            ],
            "cost": 1,
            "time": 1,
            "quality": 1,
            "initial_battery": 100,
            "initial_position": [
                5.0,
                5.0
            ],
            "route_type": "fixed_patrol",
            "route": [
                [
                    3.5156167746141236,
                    2.794895892812942
                ],
                [
                    4.891413037153393,
                    6.995527520464467
                ],
                [
                    4.661457640443304,
                    2.5622925419669365
                ],
                [
                    4.617544711167046,
                    2.0207965818505986
                ],
                [
                    6.037150397049367,
                    1.0511278305768998
                ]
            ]
        },
        {
            "id": "D3",
            "skills": [
                "search"
            ],
            "cost": 1,
            "time": 1,
            "quality": 1,
            "initial_battery": 100,
            "initial_position": [
                5.0,
                5.0
            ],
            "route_type": "fixed_patrol",
            "route": [
                [
                    7.541041849411764,
                    8.298711035365859
                ],
                [
                    5.74696122454511,
                    7.980009021893234
                ],
                [
                    3.805931950633604,
                    3.807078952407423
                ],
                [
                    7.818705258444425,
                    5.832560016289137
                ],
                [
                    7.881979436451512,
                    6.636113007864929
                ]
            ]
        }
    ]
}