{
    "simulation_ticks": 200,
    "tick_delay_seconds": 0.1,
    "pyfly_config_path": "mock_config.txt",
    "pyfly_param_path": "mock_param.txt",
    "mas_config": {
        "contract_frequency": 9999,
        "contract_skills": [
            "search",
            "rescue"
        ]
    },
    "drones": [
        {
            "id": "D1",
            "skills": [
                "search"
            ],
            "cost": 1,
            "time": 1,
            "quality": 1,
            "initial_battery": 100,
            "initial_position": [
                5.0,
                5.0
            ],
            "route_type": "fixed_patrol",
            "route": [
                [
                    5.491261824417172,
                    8.572090792600145
                ],
                [
                    7.899839514035608,
                    4.402711260012852
                ],
                [
                    2.189868847235351,
                    7.792347236294797
                ],
                [
                    6.446602298888397,
                    5.451640347708163
                ],
                [
                    2.076250875516738,
                    5.441009097085002
                ]
            ]
        },
        {
            "id": "D2",
            "skills": [
                "search"
            ],
            "cost": 1,
            "time": 1,
            "quality": 1,
            "initial_battery": 100,
            "initial_position": [
                5.0,
                5.0
            ],
            "route_type": "fixed_patrol",
            "route": [
                [
                    8.807508972905243,
                    7.94490705850301
                ],
                [
                    7.607601841927546,
                    4.818862479166319
                ],
                [
                    1.8688720433002999,
                    4.202177663616505
                ],
                [
                    1.0500872081814752,
                    2.808569504477439
                ],
                [
                    8.24433567837871,
                    3.6173452810446047
                ]
            ]
        },
        {
            "id": "D3",
            "skills": [
                "search"
            ],
            "cost": 1,
            "time": 1,
            "quality": 1,
            "initial_battery": 100,
            "initial_position": [
                5.0,
                5.0
            ],
            "route_type": "fixed_patrol",
            "route": [
                [
                    1.4495990538671757,
                    4.089458318477852
                ],
                [
                    5.371374188759022,
                    3.392887965598489
                ],
                [
                    7.047012622502261,
                    2.425177600279067
                ],
                [
                    4.411666837805991,
                    3.948495804847246
                ],
                [
                    1.9468188220683356,
                    4.149260991462605
                ]
            ]
        }
    ]
}