{
    "simulation_ticks": 200,
    "tick_delay_seconds": 0.1,
    "pyfly_config_path": "mock_config.txt",
    "pyfly_param_path": "mock_param.txt",
    "mas_config": {
        "contract_frequency": 9999,
        "contract_skills": [
            "search",
            "rescue"
        ]
    },
    "drones": [
        {
            "id": "D1",
            "skills": [
                "search"
            ],
            "cost": 1,
            "time": 1,
            "quality": 1,
            "initial_battery": 100,
            "initial_position": [
                5.0,
                5.0
            ],
            "route_type": "fixed_patrol",
            "route": [
                [
                    8.474582409077716,
                    8.751124834882141
                ],
                [
                    3.9011017727385653,
                    6.605691273601119
                ],
                [
                    7.595332167633651,
                    1.1890181916410345
                ],
                [
                    8.999152172543607,
                    1.9541157253597783
                ],
                [
                    1.8178823204132737,
                    2.1042054507509755
                ]
            ]
        },
        {
            "id": "D2",
            "skills": [
                "search"
            ],
            "cost": 1,
            "time": 1,
            "quality": 1,
            "initial_battery": 100,
            "initial_position": [
                5.0,
                5.0
            ],
            "route_type": "fixed_patrol",
            "route": [
                [
                    1.3652341055942498,
                    5.802892662053945
                ],
                [
                    8.619093921907975,
                    8.553644726582238
                ],
                [
                    3.4985129691974732,
                    4.441079629567477
                ],
                [
                    3.6680611956323634,
                    3.424700726067716
                ],
                [
                    6.278693640902332,
                    1.153983513441621
                ]
            ]
        },
        {
            "id": "D3",
            "skills": [
                "search"
            ],
            "cost": 1,
            "time": 1,
            "quality": 1,
            "initial_battery": 100,
            "initial_position": [
                5.0,
                5.0
            ],
            "route_type": "fixed_patrol",
            "route": [
                [
                    1.3953966796240556,
                    8.27667148918304
                ],
                [
                    8.244148989754386,
                    8.362811748201317
                ],
                [
                    8.946119905881378,
                    7.974160939608563
                ],
                [
                    2.905714416214141,
                    1.709668702753964
                ],
                [
                    2.1465597824466363,
                    4.2996507706179505
                ]
            ]
        }
    ]
}