{
    "simulation_ticks": 200,
    "tick_delay_seconds": 0.1,
    "pyfly_config_path": "mock_config.txt",
    "pyfly_param_path": "mock_param.txt",
    "mas_config": {
        "contract_frequency": 9999,
        "contract_skills": [
            "search",
            "rescue"
        ]
    },
    "drones": [
        {
            "id": "D1",
            "skills": [
                "search"
            ],
            "cost": 1,
            "time": 1,
            "quality": 1,
            "initial_battery": 100,
            "initial_position": [
                5.0,
                5.0
            ],
            "route_type": "fixed_patrol",
            "route": [
                [
                    5.620293729194849,
                    4.086633172990455
                ],
                [
                    5.849825588049487,
                    8.050096246882376
                ],
                [
                    2.8395822068279752,
                    7.598213626943148
                ],
                [
                    7.779833733249069,
                    8.386328465438151
                ],
                [
                    7.460675315198829,
                    1.2953273252487714
                ]
            ]
        },
        {
            "id": "D2",
            "skills": [
                "search"
            ],
            "cost": 1,
            "time": 1,
            "quality": 1,
            "initial_battery": 100,
            "initial_position": [
                5.0,
                5.0
            ],
            "route_type": "fixed_patrol",
            "route": [
                [
                    6.640759371444216,
                    8.086832705728572
                ],
                [
                    4.525039823813658,
                    4.415337263540462
                ],
                [
                    6.489491152725819,
                    1.7737574866780683
                ],
                [
                    3.3063706198664793,
                    1.1420375283072053
                ],
                [
                    6.735944978328383,
                    2.3145767092320746
                ]
            ]
        },
        {
            "id": "D3",
            "skills": [
                "search"
            ],
            "cost": 1,
            "time": 1,
            "quality": 1,
            "initial_battery": 100,
            "initial_position": [
                5.0,
                5.0
            ],
            "route_type": "fixed_patrol",
            "route": [
                [
                    2.5173884003436964,
                    4.66115380112159
                ],
                [
                    6.788545299341975,
                    2.2338081290485468
                ],
                [
                    4.065623319604193,
                    8.002995979786888
                ],
                [
                    7.853893491772915,
                    7.653712522897711
                ],
                [
                    2.066962153753656,
                    4.549192619556169
                ]
            ]
        }
    ]
}