{
    "simulation_ticks": 200,
    "tick_delay_seconds": 0.1,
    "pyfly_config_path": "mock_config.txt",
    "pyfly_param_path": "mock_param.txt",
    "mas_config": {
        "contract_frequency": 9999,
        "contract_skills": [
            "search",
            "rescue"
        ]
    },
    "drones": [
        {
            "id": "D1",
            "skills": [
                "search"
            ],
            "cost": 1,
            "time": 1,
            "quality": 1,
            "initial_battery": 100,
            "initial_position": [
                5.0,
                5.0
            ],
            "route_type": "fixed_patrol",
            "route": [
                [
                    3.6222090467194388,
                    3.4120690728408327
                ],
                [
                    1.904393470067137,
                    1.0166465424342226
                ],
                [
                    3.260761532069263,
                    6.07924180582862
                ],
                [
                    3.145407178631703,
                    4.482125382671935
                ],
                [
                    6.607335769375948,
                    7.8149726617444415
                ]
            ]
        },
        {
            "id": "D2",
            "skills": [
                "search"
            ],
            "cost": 1,
            "time": 1,
            "quality": 1,
            "initial_battery": 100,
            "initial_position": [
                5.0,
                5.0
            ],
            "route_type": "fixed_patrol",
            "route": [
                [
                    3.728032174832072,
                    3.7815060456520904
                ],
                [
                    3.0884413248738003,
                    5.628095822259253
                ],
                [
                    5.263876944193346,
                    1.3981029003406427
                ],
                [
                    8.065244136929476,
                    2.1868398877186612
                ],
                [
                    6.580343234298253,
                    3.4230689928738203
                ]
            ]
        },
        {
            "id": "D3",
            "skills": [
                "search"
            ],
            "cost": 1,
            "time": 1,
            "quality": 1,
            "initial_battery": 100,
            "initial_position": [
                5.0,
                5.0
            ],
            "route_type": "fixed_patrol",
            "route": [
                [
                    2.1514139558078744,
                    1.6593205139166445
                ],
                [
                    4.4359315700828486,
                    2.4239698293390397
                ],
                [
                    3.420253512734739,
                    5.1256320618587665
                ],
                [
                    3.8317634143283508,
                    4.547293978143662
                ],
                [
                    4.311039173213921,
                    1.7592583410431581
                ]
            ]
        }
    ]
}