{
    "simulation_ticks": 200,
    "tick_delay_seconds": 0.1,
    "pyfly_config_path": "mock_config.txt",
    "pyfly_param_path": "mock_param.txt",
    "mas_config": {
        "contract_frequency": 9999,
        "contract_skills": [
            "search",
            "rescue"
        ]
    },
    "drones": [
        {
            "id": "D1",
            "skills": [
                "search"
            ],
            "cost": 1,
            "time": 1,
            "quality": 1,
            "initial_battery": 100,
            "initial_position": [
                5.0,
                5.0
            ],
            "route_type": "fixed_patrol",
            "route": [
                [
                    5.9613319245299525,
                    5.299854311048111
                ],
                [
                    6.118352913717323,
                    8.473052464368877
                ],
                [
                    2.6566836444135804,
                    2.7244127132329847
                ],
                [
                    3.960476381991196,
                    6.269168623093154
                ],
                [
                    2.2720390797936814,
                    7.5528206245462055
                ]
            ]
        },
        {
            "id": "D2",
            "skills": [
                "search"
            ],
            "cost": 1,
            "time": 1,
            "quality": 1,
            "initial_battery": 100,
            "initial_position": [
                5.0,
                5.0
            ],
            "route_type": "fixed_patrol",
            "route": [
                [
                    2.719019912769739,
                    2.7978179568504
                ],
                [
                    7.989243479442712,
                    8.803146639760408
                ],
                [
                    1.6802555796858805,
                    2.139776590951259
                ],
                [
                    3.581642416764117,
                    8.587246528476427
                ],
                [
                    1.8945756382408012,
                    2.7632205228212596
                ]
            ]
        },
        {
            "id": "D3",
            "skills": [
                "search"
            ],
            "cost": 1,
            "time": 1,
            "quality": 1,
            "initial_battery": 100,
            "initial_position": [
                5.0,
                5.0
            ],
            "route_type": "fixed_patrol",
            "route": [
                [
                    4.840111975553896,
                    7.578478421893688
                ],
                [
                    8.594056687283182,
                    2.9812275354660596
                ],
                [
                    7.3335513448288685,
                    7.436182770564689
                ],
                [
                    2.64637088159047,
                    8.942426564991594
                ],
                [
                    5.540150472609043,
                    7.676170013011834
                ]
            ]
        }
    ]
}