{
    "simulation_ticks": 200,
    "tick_delay_seconds": 0.1,
    "pyfly_config_path": "mock_config.txt",
    "pyfly_param_path": "mock_param.txt",
    "mas_config": {
        "contract_frequency": 9999,
        "contract_skills": [
            "search",
            "rescue"
        ]
    },
    "drones": [
        {
            "id": "D1",
            "skills": [
                "search"
            ],
            "cost": 1,
            "time": 1,
            "quality": 1,
            "initial_battery": 100,
            "initial_position": [
                5.0,
                5.0
            ],
            "route_type": "fixed_patrol",
            "route": [
                [
                    1.1449498093353876,
                    5.920823979464579
                ],
                [
                    1.1487943626624064,
                    3.4369148476197644
                ],
                [
                    7.661589118590335,
                    5.786228972235973
                ],
                [
                    3.5949027421510253,
                    8.04067804269296
                ],
                [
                    7.869956534344996,
                    1.9949104722204307
                ]
            ]
        },
        {
            "id": "D2",
            "skills": [
                "search"
            ],
            "cost": 1,
            "time": 1,
            "quality": 1,
            "initial_battery": 100,
            "initial_position": [
                5.0,
                5.0
            ],
            "route_type": "fixed_patrol",
            "route": [
                [
                    7.967708394755231,
                    3.113021105134954
                ],
                [
                    5.365287249059078,
                    3.368637030388805
                ],
                [
                    5.724705796423919,
                    3.851792468744887
                ],
                [
                    7.239188394664193,
                    2.5045848501863137
                ],
                [
                    6.822510014234872,
                    6.536295419940233
                ]
            ]
        },
        {
            "id": "D3",
            "skills": [
                "search"
            ],
            "cost": 1,
            "time": 1,
            "quality": 1,
            "initial_battery": 100,
            "initial_position": [
                5.0,
                5.0
            ],
            "route_type": "fixed_patrol",
            "route": [
                [
                    5.969077237750016,
                    4.019968646057933
                ],
                [
                    5.858952835853923,
                    4.939531830644465
                ],
                [
                    3.3613443916203156,
                    7.760096398997815
                ],
                [
                    2.6898981949676646,
                    1.2164129918783049
                ],
                [
                    4.7837447802401565,
                    8.068175601359691
                ]
            ]
        }
    ]
}