{
    "simulation_ticks": 200,
    "tick_delay_seconds": 0.1,
    "pyfly_config_path": "mock_config.txt",
    "pyfly_param_path": "mock_param.txt",
    "mas_config": {
        "contract_frequency": 9999,
        "contract_skills": [
            "search",
            "rescue"
        ]
    },
    "drones": [
        {
            "id": "D1",
            "skills": [
                "search"
            ],
            "cost": 1,
            "time": 1,
            "quality": 1,
            "initial_battery": 100,
            "initial_position": [
                5.0,
                5.0
            ],
            "route_type": "fixed_patrol",
            "route": [
                [
                    8.860374910556253,
                    2.246425171895832
                ],
                [
                    8.231558039679001,
                    3.1218658447467087
                ],
                [
                    3.6721568275054324,
                    4.654252861430849
                ],
                [
                    1.971971763401065,
                    1.0880310985727677
                ],
                [
                    6.939470913209832,
                    1.922495055445232
                ]
            ]
        },
        {
            "id": "D2",
            "skills": [
                "search"
            ],
            "cost": 1,
            "time": 1,
            "quality": 1,
            "initial_battery": 100,
            "initial_position": [
                5.0,
                5.0
            ],
            "route_type": "fixed_patrol",
            "route": [
                [
                    4.424950093750658,
                    2.137114281805977
                ],
                [
                    5.420051945128304,
                    5.018750638025048
                ],
                [
                    6.622589892147788,
                    2.2291786863543015
                ],
                [
                    3.689187481745746,
                    8.567551602940298
                ],
                [
                    6.9715994825415075,
                    5.753480618079172
                ]
            ]
        },
        {
            "id": "D3",
            "skills": [
                "search"
            ],
            "cost": 1,
            "time": 1,
            "quality": 1,
            "initial_battery": 100,
            "initial_position": [
                5.0,
                5.0
            ],
            "route_type": "fixed_patrol",
            "route": [
                [
                    7.183574231949242,
                    6.881125363605475
                ],
                [
                    4.717332839503981,
                    4.51616270892162
                ],
                [
                    1.2821112404230375,
                    5.34823918873627
                ],
                [
                    5.649419092738981,
                    7.451292920477683
                ],
                [
                    7.598097506623309,
                    5.7790227566231
                ]
            ]
        }
    ]
}