{
    "simulation_ticks": 200,
    "tick_delay_seconds": 0.1,
    "pyfly_config_path": "mock_config.txt",
    "pyfly_param_path": "mock_param.txt",
    "mas_config": {
        "contract_frequency": 9999,
        "contract_skills": [
            "search",
            "rescue"
        ]
    },
    "drones": [
        {
            "id": "D1",
            "skills": [
                "search"
            ],
            "cost": 1,
            "time": 1,
            "quality": 1,
            "initial_battery": 100,
            "initial_position": [
                5.0,
                5.0
            ],
            "route_type": "fixed_patrol",
            "route": [
                [
                    8.349811685939446,
                    2.9114356546429283
                ],
                [
                    7.367922652769436,
                    1.0192785006568723
                ],
                [
                    7.940779274877039,
                    3.866255851821749
                ],
                [
                    7.552037882867114,
                    4.844861348982627
                ],
                [
                    6.208539142096633,
                    6.696705552779408
                ]
            ]
        },
        {
            "id": "D2",
            "skills": [
                "search"
            ],
            "cost": 1,
            "time": 1,
            "quality": 1,
            "initial_battery": 100,
            "initial_position": [
                5.0,
                5.0
            ],
            "route_type": "fixed_patrol",
            "route": [
                [
                    7.144626746686554,
                    2.636636176296091
                ],
                [
                    1.7276123243844426,
                    7.242324252291704
                ],
                [
                    8.528560438583103,
                    5.175656587757909
                ],
                [
                    1.2827215004854224,
                    4.697390629157464
                ],
                [
                    5.778621448889458,
                    1.6744836781064514
                ]
            ]
        },
        {
            "id": "D3",
            "skills": [
                "search"
            ],
            "cost": 1,
            "time": 1,
            "quality": 1,
            "initial_battery": 100,
            "initial_position": [
                5.0,
                5.0
            ],
            "route_type": "fixed_patrol",
            "route": [
                [
                    5.82091937216833,
                    8.741213629021694
                ],
                [
                    4.8516631476212675,
                    4.045402613424403
                ],
                [
                    8.034390113963225,
                    2.2651831682794255
                ],
                [
                    7.855252005191783,
                    7.344156535614561
                ],
                [
                    1.422034958228247,
                    6.482087698944769
                ]
            ]
        }
    ]
}