{
    "simulation_ticks": 200,
    "tick_delay_seconds": 0.1,
    "pyfly_config_path": "mock_config.txt",
    "pyfly_param_path": "mock_param.txt",
    "mas_config": {
        "contract_frequency": 9999,
        "contract_skills": [
            "search",
            "rescue"
        ]
    },
    "drones": [
        {
            "id": "D1",
            "skills": [
                "search"
            ],
            "cost": 1,
            "time": 1,
            "quality": 1,
            "initial_battery": 100,
            "initial_position": [
                5.0,
                5.0
            ],
            "route_type": "fixed_patrol",
            "route": [
                [
                    3.813647291795964,
                    5.647054859901152
                ],
                [
                    3.7214260460959316,
                    1.1643780151382366
                ],
                [
                    8.71109169280945,
                    4.993183722062513
                ],
                [
                    3.358718278742873,
                    8.436160022223518
                ],
                [
                    5.725934738950596,
                    4.8035653348291305
                ]
            ]
        },
        {
            "id": "D2",
            "skills": [
                "search"
            ],
            "cost": 1,
            "time": 1,
            "quality": 1,
            "initial_battery": 100,
            "initial_position": [
                5.0,
                5.0
            ],
            "route_type": "fixed_patrol",
            "route": [
                [
                    5.298041888891196,
                    3.7316262723230826
                ],
                [
                    1.944056642821554,
                    5.877939510126716
                ],
                [
                    5.995106746281474,
                    2.9765683030078742
                ],
                [
                    4.874041928828152,
                    3.1627179951414472
                ],
                [
                    7.294395534855983,
                    5.367162838937695
                ]
            ]
        },
        {
            "id": "D3",
            "skills": [
                "search"
            ],
            "cost": 1,
            "time": 1,
            "quality": 1,
            "initial_battery": 100,
            "initial_position": [
                5.0,
                5.0
            ],
            "route_type": "fixed_patrol",
            "route": [
                [
                    8.186380736793406,
                    6.3027090678012145
                ],
                [
                    6.15373519448295,
                    3.8912583711715456
                ],
                [
                    7.83670313457781,
                    2.993846897453164
                ],
                [
                    7.859307993720832,
                    8.291117713027894
                ],
                [
                    7.678223558852112,
                    8.24271823545573
                ]
            ]
        }
    ]
}