{
    "simulation_ticks": 200,
    "tick_delay_seconds": 0.1,
    "pyfly_config_path": "mock_config.txt",
    "pyfly_param_path": "mock_param.txt",
    "mas_config": {
        "contract_frequency": 9999,
        "contract_skills": [
            "search",
            "rescue"
        ]
    },
    "drones": [
        {
            "id": "D1",
            "skills": [
                "search"
            ],
            "cost": 1,
            "time": 1,
            "quality": 1,
            "initial_battery": 100,
            "initial_position": [
                5.0,
                5.0
            ],
            "route_type": "fixed_patrol",
            "route": [
                [
                    8.358715933798562,
                    8.798333640426726
                ],
                [
                    8.03081128533152,
                    3.002003404706322
                ],
                [
                    7.623912822556365,
                    2.9857859093398282
                ],
                [
                    2.797387629337047,
                    1.9241759794506201
                ],
                [
                    8.454918581838882,
                    8.798778735756166
                ]
            ]
        },
        {
            "id": "D2",
            "skills": [
                "search"
            ],
            "cost": 1,
            "time": 1,
            "quality": 1,
            "initial_battery": 100,
            "initial_position": [
                5.0,
                5.0
            ],
            "route_type": "fixed_patrol",
            "route": [
                [
                    8.369036047885443,
                    1.265069064557161
                ],
                [
                    3.010294980622267,
                    6.594107926600726
                ],
                [
                    5.9288448799924405,
                    1.7186119327527578
                ],
                [
                    7.671033392267638,
                    4.550046639554249
                ],
                [
                    7.820593036554572,
                    6.110388359032691
                ]
            ]
        },
        {
            "id": "D3",
            "skills": [
                "search"
            ],
            "cost": 1,
            "time": 1,
            "quality": 1,
            "initial_battery": 100,
            "initial_position": [
                5.0,
                5.0
            ],
            "route_type": "fixed_patrol",
            "route": [
                [
                    1.7584596383776159,
                    3.2200141240294107
                ],
                [
                    7.4799663644084315,
                    8.457842741868621
                ],
                [
                    8.222852600343739,
                    1.4137529359506864
                ],
                [
                    5.59604390370238,
                    5.997501587441317
                ],
                [
                    4.3425685979058075,
                    8.580851842237855
                ]
            ]
        }
    ]
}