{
    "simulation_ticks": 200,
    "tick_delay_seconds": 0.1,
    "pyfly_config_path": "mock_config.txt",
    "pyfly_param_path": "mock_param.txt",
    "mas_config": {
        "contract_frequency": 9999,
        "contract_skills": [
            "search",
            "rescue"
        ]
    },
    "drones": [
        {
            "id": "D1",
            "skills": [
                "search"
            ],
            "cost": 1,
            "time": 1,
            "quality": 1,
            "initial_battery": 100,
            "initial_position": [
                5.0,
                5.0
            ],
            "route_type": "fixed_patrol",
            "route": [
                [
                    7.3708101903459875,
                    2.1232542529240597
                ],
                [
                    7.822921146159869,
                    6.567620329006785
                ],
                [
                    5.866231105473967,
                    4.4783260152089435
                ],
                [
                    8.29994704489675,
                    7.514412464228563
                ],
                [
                    4.078720718582681,
                    4.903883030523526
                ]
            ]
        },
        {
            "id": "D2",
            "skills": [
                "search"
            ],
            "cost": 1,
            "time": 1,
            "quality": 1,
            "initial_battery": 100,
            "initial_position": [
                5.0,
                5.0
            ],
            "route_type": "fixed_patrol",
            "route": [
                [
                    7.320944272895858,
                    2.406285088345202
                ],
                [
                    7.601248764107791,
                    3.90856875414232
                ],
                [
                    7.014799815460342,
                    2.1954467413092837
                ],
                [
                    2.741145792018295,
                    8.303305257223771
                ],
                [
                    1.7685625019739968,
                    6.130947572686752
                ]
            ]
        },
        {
            "id": "D3",
            "skills": [
                "search"
            ],
            "cost": 1,
            "time": 1,
            "quality": 1,
            "initial_battery": 100,
            "initial_position": [
                5.0,
                5.0
            ],
            "route_type": "fixed_patrol",
            "route": [
                [
                    4.74925651028876,
                    6.874260739191624
                ],
                [
                    1.244719874806389,
                    1.948430476182974
                ],
                [
                    6.73399605200648,
                    4.864445071812081
                ],
                [
                    2.5471265044220237,
                    6.144184035526066
                ],
                [
                    7.651235759187155,
                    4.455107957180859
                ]
            ]
        }
    ]
}