{
    "simulation_ticks": 200,
    "tick_delay_seconds": 0.1,
    "pyfly_config_path": "mock_config.txt",
    "pyfly_param_path": "mock_param.txt",
    "mas_config": {
        "contract_frequency": 9999,
        "contract_skills": [
            "search",
            "rescue"
        ]
    },
    "drones": [
        {
            "id": "D1",
            "skills": [
                "search"
            ],
            "cost": 1,
            "time": 1,
            "quality": 1,
            "initial_battery": 100,
            "initial_position": [
                5.0,
                5.0
            ],
            "route_type": "fixed_patrol",
            "route": [
                [
                    5.972085773361976,
                    2.072203966928651
                ],
                [
                    4.216676605075969,
                    3.9676536769770046
                ],
                [
                    4.632557237303312,
                    7.6953898522909805
                ],
                [
                    6.969192927381759,
                    4.216712213447191
                ],
                [
                    3.1994891291850847,
                    3.84384795167811
                ]
            ]
        },
        {
            "id": "D2",
            "skills": [
                "search"
            ],
            "cost": 1,
            "time": 1,
            "quality": 1,
            "initial_battery": 100,
            "initial_position": [
                5.0,
                5.0
            ],
            "route_type": "fixed_patrol",
            "route": [
                [
                    2.3900717066645667,
                    7.83156792466044
                ],
                [
                    4.46097333039504,
                    8.077032259886014
                ],
                [
                    8.327036410479508,
                    4.734738617038236
                ],
                [
                    4.391073524232276,
                    8.068337931438627
                ],
                [
                    1.1468168484574859,
                    1.0746149616516183
                ]
            ]
        },
        {
            "id": "D3",
            "skills": [
                "search"
            ],
            "cost": 1,
            "time": 1,
            "quality": 1,
            "initial_battery": 100,
            "initial_position": [
                5.0,
                5.0
            ],
            "route_type": "fixed_patrol",
            "route": [
                [
                    5.4126246763247945,
                    7.669506240293944
                ],
                [
                    7.029965539354305,
                    3.8719172875037673
                ],
                [
                    8.343636610913052,
                    2.5098213697486536
                ],
                [
                    6.47405397174383,
                    6.373661873002217
                ],
                [
                    2.6894753777245155,
                    3.2610538920474834
                ]
            ]
        }
    ]
}