{
    "simulation_ticks": 200,
    "tick_delay_seconds": 0.1,
    "pyfly_config_path": "mock_config.txt",
    "pyfly_param_path": "mock_param.txt",
    "mas_config": {
        "contract_frequency": 9999,
        "contract_skills": [
            "search",
            "rescue"
        ]
    },
    "drones": [
        {
            "id": "D1",
            "skills": [
                "search"
            ],
            "cost": 1,
            "time": 1,
            "quality": 1,
            "initial_battery": 100,
            "initial_position": [
                5.0,
                5.0
            ],
            "route_type": "fixed_patrol",
            "route": [
                [
                    2.1932700907871814,
                    3.395958612262266
                ],
                [
                    6.7907568442898505,
                    7.104172197219956
                ],
                [
                    4.789533169151597,
                    6.348802696094338
                ],
                [
                    2.3699547787243924,
                    5.481454923890688
                ],
                [
                    7.399143763615703,
                    3.7179072234933424
                ]
            ]
        },
        {
            "id": "D2",
            "skills": [
                "search"
            ],
            "cost": 1,
            "time": 1,
            "quality": 1,
            "initial_battery": 100,
            "initial_position": [
                5.0,
                5.0
            ],
            "route_type": "fixed_patrol",
            "route": [
                [
                    6.125990320917143,
                    3.6150038898868653
                ],
                [
                    5.69877197460584,
                    4.209738313544743
                ],
                [
                    2.3844511236447774,
                    8.502380307736239
                ],
                [
                    5.293820530888692,
                    1.2770270138310904
                ],
                [
                    8.674570370884059,
                    3.270432691641423
                ]
            ]
        },
        {
            "id": "D3",
            "skills": [
                "search"
            ],
            "cost": 1,
            "time": 1,
            "quality": 1,
            "initial_battery": 100,
            "initial_position": [
                5.0,
                5.0
            ],
            "route_type": "fixed_patrol",
            "route": [
                [
                    6.268298840003047,
                    6.597263424886952
                ],
                [
                    5.26478970600081,
                    5.058991252737406
                ],
                [
                    5.446066611347968,
                    2.529976488422836
                ],
                [
                    3.116961655119515,
                    8.04604745992218
                ],
                [
                    7.83135849093745,
                    3.473877168151203
                ]
            ]
        }
    ]
}