{
    "simulation_ticks": 200,
    "tick_delay_seconds": 0.1,
    "pyfly_config_path": "mock_config.txt",
    "pyfly_param_path": "mock_param.txt",
    "mas_config": {
        "contract_frequency": 9999,
        "contract_skills": [
            "search",
            "rescue"
        ]
    },
    "drones": [
        {
            "id": "D1",
            "skills": [
                "search"
            ],
            "cost": 1,
            "time": 1,
            "quality": 1,
            "initial_battery": 100,
            "initial_position": [
                5.0,
                5.0
            ],
            "route_type": "fixed_patrol",
            "route": [
                [
                    7.66665809543683,
                    5.876654147948439
                ],
                [
                    6.202117389622201,
                    2.4285954053674335
                ],
                [
                    4.03125235090218,
                    2.402066171973723
                ],
                [
                    1.1874306947289632,
                    3.2379167231071166
                ],
                [
                    8.871188571517195,
                    5.183281371102598
                ]
            ]
        },
        {
            "id": "D2",
            "skills": [
                "search"
            ],
            "cost": 1,
            "time": 1,
            "quality": 1,
            "initial_battery": 100,
            "initial_position": [
                5.0,
                5.0
            ],
            "route_type": "fixed_patrol",
            "route": [
                [
                    3.500371571160347,
                    2.6034228711241862
                ],
                [
                    7.13285585500721,
                    7.600388229860114
                ],
                [
                    3.7880044642930377,
                    7.192251194613379
                ],
                [
                    4.5697988484585474,
                    5.6798581851457595
                ],
                [
                    3.7008007679218506,
                    6.097477002424697
                ]
            ]
        },
        {
            "id": "D3",
            "skills": [
                "search"
            ],
            "cost": 1,
            "time": 1,
            "quality": 1,
            "initial_battery": 100,
            "initial_position": [
                5.0,
                5.0
            ],
            "route_type": "fixed_patrol",
            "route": [
                [
                    7.660348114793368,
                    5.883879215002959
                ],
                [
                    1.2494187544535116,
                    2.570946167439521
                ],
                [
                    5.289925473744215,
                    5.626253618389011
                ],
                [
                    8.76128357893539,
                    3.9391843228740617
                ],
                [
                    8.442945658177067,
                    1.4319243319662407
                ]
            ]
        }
    ]
}