{
    "simulation_ticks": 200,
    "tick_delay_seconds": 0.1,
    "pyfly_config_path": "mock_config.txt",
    "pyfly_param_path": "mock_param.txt",
    "mas_config": {
        "contract_frequency": 9999,
        "contract_skills": [
            "search",
            "rescue"
        ]
    },
    "drones": [
        {
            "id": "D1",
            "skills": [
                "search"
            ],
            "cost": 1,
            "time": 1,
            "quality": 1,
            "initial_battery": 100,
            "initial_position": [
                5.0,
                5.0
            ],
            "route_type": "fixed_patrol",
            "route": [
                [
                    7.1261214602329375,
                    4.301505792675069
                ],
                [
                    3.129172442042867,
                    7.39825777213696
                ],
                [
                    4.078595790426699,
                    1.2655191105419883
                ],
                [
                    7.51250878021022,
                    5.295119550361429
                ],
                [
                    3.6809238957735237,
                    5.509822420967869
                ]
            ]
        },
        {
            "id": "D2",
            "skills": [
                "search"
            ],
            "cost": 1,
            "time": 1,
            "quality": 1,
            "initial_battery": 100,
            "initial_position": [
                5.0,
                5.0
            ],
            "route_type": "fixed_patrol",
            "route": [
                [
                    2.394989946534058,
                    8.344100921514377
                ],
                [
                    1.1523870425774563,
                    8.046975189946513
                ],
                [
                    4.13124247963634,
                    3.4518615089873963
                ],
                [
                    5.365078287088947,
                    5.777417368479079
                ],
                [
                    8.106390953216344,
                    7.904626139632964
                ]
            ]
        },
        {
            "id": "D3",
            "skills": [
                "search"
            ],
            "cost": 1,
            "time": 1,
            "quality": 1,
            "initial_battery": 100,
            "initial_position": [
                5.0,
                5.0
            ],
            "route_type": "fixed_patrol",
            "route": [
                [
                    4.816167298955709,
                    2.2056473757565644
                ],
                [
                    8.61135622768759,
                    4.292683557381163
                ],
                [
                    3.194671465710397,
                    7.0690819289509506
                ],
                [
                    6.109108659413186,
                    7.54438519500527
                ],
                [
                    3.91057991554203,
                    2.5405470598909456
                ]
            ]
        }
    ]
}