{
    "simulation_ticks": 200,
    "tick_delay_seconds": 0.1,
    "pyfly_config_path": "mock_config.txt",
    "pyfly_param_path": "mock_param.txt",
    "mas_config": {
        "contract_frequency": 9999,
        "contract_skills": [
            "search",
            "rescue"
        ]
    },
    "drones": [
        {
            "id": "D1",
            "skills": [
                "search"
            ],
            "cost": 1,
            "time": 1,
            "quality": 1,
            "initial_battery": 100,
            "initial_position": [
                5.0,
                5.0
            ],
            "route_type": "fixed_patrol",
            "route": [
                [
                    8.11104824815803,
                    1.3745009887027324
                ],
                [
                    3.15143439790511,
                    2.6507335700477457
                ],
                [
                    8.707253683691558,
                    6.43198746531444
                ],
                [
                    7.015410406796043,
                    7.852730303819446
                ],
                [
                    4.764374537399005,
                    3.53914764521451
                ]
            ]
        },
        {
            "id": "D2",
            "skills": [
                "search"
            ],
            "cost": 1,
            "time": 1,
            "quality": 1,
            "initial_battery": 100,
            "initial_position": [
                5.0,
                5.0
            ],
            "route_type": "fixed_patrol",
            "route": [
                [
                    7.613844915284254,
                    4.822874749189158
                ],
                [
                    4.848073217356943,
                    4.498362130645644
                ],
                [
                    2.6766849344995824,
                    1.5996276657646336
                ],
                [
                    8.549993330594795,
                    4.871202570684155
                ],
                [
                    4.15786305282761,
                    6.192824738873208
                ]
            ]
        },
        {
            "id": "D3",
            "skills": [
                "search"
            ],
            "cost": 1,
            "time": 1,
            "quality": 1,
            "initial_battery": 100,
            "initial_position": [
                5.0,
                5.0
            ],
            "route_type": "fixed_patrol",
            "route": [
                [
                    8.376606293752616,
                    5.0740804616874255
                ],
                [
                    2.0671759999977333,
                    5.363856858706995
                ],
                [
                    7.097222021923732,
                    1.8590378264045029
                ],
                [
                    7.256759675848723,
                    3.528478839611835
                ],
                [
                    7.134478470832585,
                    4.475908351193126
                ]
            ]
        }
    ]
}