{
    "simulation_ticks": 200,
    "tick_delay_seconds": 0.1,
    "pyfly_config_path": "mock_config.txt",
    "pyfly_param_path": "mock_param.txt",
    "mas_config": {
        "contract_frequency": 9999,
        "contract_skills": [
            "search",
            "rescue"
        ]
    },
    "drones": [
        {
            "id": "D1",
            "skills": [
                "search"
            ],
            "cost": 1,
            "time": 1,
            "quality": 1,
            "initial_battery": 100,
            "initial_position": [
                5.0,
                5.0
            ],
            "route_type": "fixed_patrol",
            "route": [
                [
                    6.700177862694098,
                    1.173598905114015
                ],
                [
                    6.6694156605964,
                    6.5321846438441185
                ],
                [
                    6.2163728651853,
                    1.6153836263955297
                ],
                [
                    8.614151349282267,
                    5.031294622535592
                ],
                [
                    5.759029472040295,
                    6.541912447728411
                ]
            ]
        },
        {
            "id": "D2",
            "skills": [
                "search"
            ],
            "cost": 1,
            "time": 1,
            "quality": 1,
            "initial_battery": 100,
            "initial_position": [
                5.0,
                5.0
            ],
            "route_type": "fixed_patrol",
            "route": [
                [
                    4.940940923800056,
                    4.80338847596806
                ],
                [
                    7.445891143353789,
                    1.2762397743029021
                ],
                [
                    6.018050252400655,
                    5.116251287382526
                ],
                [
                    1.9821506373097746,
                    8.658975447326936
                ],
                [
                    5.191376896524126,
                    8.671634934342523
                ]
            ]
        },
        {
            "id": "D3",
            "skills": [
                "search"
            ],
            "cost": 1,
            "time": 1,
            "quality": 1,
            "initial_battery": 100,
            "initial_position": [
                5.0,
                5.0
            ],
            "route_type": "fixed_patrol",
            "route": [
                [
                    2.6074042544198415,
                    1.296854703759208
                ],
                [
                    1.801396751487398,
                    6.450015367571988
                ],
                [
                    2.4426274710342364,
                    4.322927929170718
                ],
                [
                    1.3863133965234944,
                    7.92617156248895
                ],
                [
                    2.472527030865277,
                    3.6410196777167805
                ]
            ]
        }
    ]
}