{
    "simulation_ticks": 200,
    "tick_delay_seconds": 0.1,
    "pyfly_config_path": "mock_config.txt",
    "pyfly_param_path": "mock_param.txt",
    "mas_config": {
        "contract_frequency": 9999,
        "contract_skills": [
            "search",
            "rescue"
        ]
    },
    "drones": [
        {
            "id": "D1",
            "skills": [
                "search"
            ],
            "cost": 1,
            "time": 1,
            "quality": 1,
            "initial_battery": 100,
            "initial_position": [
                5.0,
                5.0
            ],
            "route_type": "fixed_patrol",
            "route": [
                [
                    1.9044192330295013,
                    4.8223668569717875
                ],
                [
                    3.972552778211707,
                    2.636412006887733
                ],
                [
                    6.521291686337605,
                    3.422787686560784
                ],
                [
                    2.1342169241487303,
                    2.7170835477152098
                ],
                [
                    5.9613962750831275,
                    7.325875643961389
                ]
            ]
        },
        {
            "id": "D2",
            "skills": [
                "search"
            ],
            "cost": 1,
            "time": 1,
            "quality": 1,
            "initial_battery": 100,
            "initial_position": [
                5.0,
                5.0
            ],
            "route_type": "fixed_patrol",
            "route": [
                [
                    3.53273759775462,
                    2.558305710521118
                ],
                [
                    1.596329876295746,
                    5.106370094323589
                ],
                [
                    6.998746953138637,
                    5.811127510097298
                ],
                [
                    1.2615246971160534,
                    3.158787050987006
                ],
                [
                    4.7234084328828345,
                    6.033068912235529
                ]
            ]
        },
        {
            "id": "D3",
            "skills": [
                "search"
            ],
            "cost": 1,
            "time": 1,
            "quality": 1,
            "initial_battery": 100,
            "initial_position": [
                5.0,
                5.0
            ],
            "route_type": "fixed_patrol",
            "route": [
                [
                    5.606550489692084,
                    1.5095249008186444
                ],
                [
                    4.97655980880988,
                    6.80516688684713
                ],
                [
                    6.124198067069858,
                    8.706340082116531
                ],
                [
                    8.50952087870651,
                    1.9542244046102955
                ],
                [
                    8.789004091265554,
                    6.3312973582620975
                ]
            ]
        }
    ]
}