{
    "simulation_ticks": 200,
    "tick_delay_seconds": 0.1,
    "pyfly_config_path": "mock_config.txt",
    "pyfly_param_path": "mock_param.txt",
    "mas_config": {
        "contract_frequency": 9999,
        "contract_skills": [
            "search",
            "rescue"
        ]
    },
    "drones": [
        {
            "id": "D1",
            "skills": [
                "search"
            ],
            "cost": 1,
            "time": 1,
            "quality": 1,
            "initial_battery": 100,
            "initial_position": [
                5.0,
                5.0
            ],
            "route_type": "fixed_patrol",
            "route": [
                [
                    8.870194673985484,
                    6.850295638824959
                ],
                [
                    8.294244388539681,
                    7.099236914483738
                ],
                [
                    1.1778226430623668,
                    5.9568871949503235
                ],
                [
                    1.1370257210002013,
                    6.934114067727665
                ],
                [
                    6.172450802736707,
                    2.891632686529917
                ]
            ]
        },
        {
            "id": "D2",
            "skills": [
                "search"
            ],
            "cost": 1,
            "time": 1,
            "quality": 1,
            "initial_battery": 100,
            "initial_position": [
                5.0,
                5.0
            ],
            "route_type": "fixed_patrol",
            "route": [
                [
                    4.564319185741012,
                    8.043458271602104
                ],
                [
                    5.491009940225036,
                    4.807366174219391
                ],
                [
                    2.349782885981699,
                    6.7450412019358446
                ],
                [
                    3.976304592633036,
                    2.286822813914365
                ],
                [
                    5.401586300558037,
                    2.638417441907041
                ]
            ]
        },
        {
            "id": "D3",
            "skills": [
                "search"
            ],
            "cost": 1,
            "time": 1,
            "quality": 1,
            "initial_battery": 100,
            "initial_position": [
                5.0,
                5.0
            ],
            "route_type": "fixed_patrol",
            "route": [
                [
                    2.861181861773474,
                    8.212378181701602
                ],
                [
                    3.339378892751368,
                    1.7710358578744225
                ],
                [
                    6.3330279376625915,
                    7.217145107679417
                ],
                [
                    2.876017268063652,
                    8.608883852065265
                ],
                [
                    6.075523486174282,
                    7.647962010550676
                ]
            ]
        }
    ]
}