{
    "simulation_ticks": 200,
    "tick_delay_seconds": 0.1,
    "pyfly_config_path": "mock_config.txt",
    "pyfly_param_path": "mock_param.txt",
    "mas_config": {
        "contract_frequency": 9999,
        "contract_skills": [
            "search",
            "rescue"
        ]
    },
    "drones": [
        {
            "id": "D1",
            "skills": [
                "search"
            ],
            "cost": 1,
            "time": 1,
            "quality": 1,
            "initial_battery": 100,
            "initial_position": [
                5.0,
                5.0
            ],
            "route_type": "fixed_patrol",
            "route": [
                [
                    1.7270634834724223,
                    4.589695142196806
                ],
                [
                    6.368754732390315,
                    8.376816399693674
                ],
                [
                    2.850882867091168,
                    5.997578436574028
                ],
                [
                    8.73750507846381,
                    3.610707794931444
                ],
                [
                    1.2334952111804185,
                    6.317282235858067
                ]
            ]
        },
        {
            "id": "D2",
            "skills": [
                "search"
            ],
            "cost": 1,
            "time": 1,
            "quality": 1,
            "initial_battery": 100,
            "initial_position": [
                5.0,
                5.0
            ],
            "route_type": "fixed_patrol",
            "route": [
                [
                    8.480906147000578,
                    5.060595745928471
                ],
                [
                    5.5201871527909,
                    2.433194057298363
                ],
                [
                    6.66640077850744,
                    4.286461273392587
                ],
                [
                    7.80800131236133,
                    2.9481605800680493
                ],
                [
                    8.465425908990795,
                    7.467083415404397
                ]
            ]
        },
        {
            "id": "D3",
            "skills": [
                "search"
            ],
            "cost": 1,
            "time": 1,
            "quality": 1,
            "initial_battery": 100,
            "initial_position": [
                5.0,
                5.0
            ],
            "route_type": "fixed_patrol",
            "route": [
                [
                    8.673388611244022,
                    7.537092834955284
                ],
                [
                    5.888138713567685,
                    1.8733435343538263
                ],
                [
                    7.435379167210334,
                    4.461033989798303
                ],
                [
                    5.540377773988692,
                    2.426044010379705
                ],
                [
                    2.78178578118139,
                    2.9227524244282392
                ]
            ]
        }
    ]
}