{
    "simulation_ticks": 200,
    "tick_delay_seconds": 0.1,
    "pyfly_config_path": "mock_config.txt",
    "pyfly_param_path": "mock_param.txt",
    "mas_config": {
        "contract_frequency": 9999,
        "contract_skills": [
            "search",
            "rescue"
        ]
    },
    "drones": [
        {
            "id": "D1",
            "skills": [
                "search"
            ],
            "cost": 1,
            "time": 1,
            "quality": 1,
            "initial_battery": 100,
            "initial_position": [
                5.0,
                5.0
            ],
            "route_type": "fixed_patrol",
            "route": [
                [
                    3.469162907526208,
                    8.411767521587802
                ],
                [
                    5.994359067163301,
                    8.137685614002798
                ],
                [
                    7.706774934813391,
                    4.773316072462444
                ],
                [
                    1.4908187923421803,
                    5.92704738351969
                ],
                [
                    4.6885906139048705,
                    2.0677678966005955
                ]
            ]
        },
        {
            "id": "D2",
            "skills": [
                "search"
            ],
            "cost": 1,
            "time": 1,
            "quality": 1,
            "initial_battery": 100,
            "initial_position": [
                5.0,
                5.0
            ],
            "route_type": "fixed_patrol",
            "route": [
                [
                    4.074230020164321,
                    4.246378124201248
                ],
                [
                    1.6645530865256202,
                    2.937660149047889
                ],
                [
                    4.42664450717837,
                    7.009997188913573
                ],
                [
                    3.7536283625918783,
                    7.788865172719748
                ],
                [
                    7.902560581439567,
                    7.532849844979312
                ]
            ]
        },
        {
            "id": "D3",
            "skills": [
                "search"
            ],
            "cost": 1,
            "time": 1,
            "quality": 1,
            "initial_battery": 100,
            "initial_position": [
                5.0,
                5.0
            ],
            "route_type": "fixed_patrol",
            "route": [
                [
                    3.483182922815045,
                    4.153726706909738
                ],
                [
                    2.2055760052719044,
                    6.332446625404305
                ],
                [
                    2.5885348490075657,
                    7.768835932844913
                ],
                [
                    8.349253306568157,
                    8.278433951604951
                ],
                [
                    2.2698723824619194,
                    5.672359555338884
                ]
            ]
        }
    ]
}