{
    "simulation_ticks": 200,
    "tick_delay_seconds": 0.1,
    "pyfly_config_path": "mock_config.txt",
    "pyfly_param_path": "mock_param.txt",
    "mas_config": {
        "contract_frequency": 9999,
        "contract_skills": [
            "search",
            "rescue"
        ]
    },
    "drones": [
        {
            "id": "D1",
            "skills": [
                "search"
            ],
            "cost": 1,
            "time": 1,
            "quality": 1,
            "initial_battery": 100,
            "initial_position": [
                5.0,
                5.0
            ],
            "route_type": "fixed_patrol",
            "route": [
                [
                    2.3919901020780108,
                    3.598638690195483
                ],
                [
                    2.668261201653772,
                    1.3354063617762861
                ],
                [
                    3.9802950918833107,
                    8.197196634223204
                ],
                [
                    2.1407871567677397,
                    4.0941262263825715
                ],
                [
                    2.0461556759895903,
                    8.371513965568203
                ]
            ]
        },
        {
            "id": "D2",
            "skills": [
                "search"
            ],
            "cost": 1,
            "time": 1,
            "quality": 1,
            "initial_battery": 100,
            "initial_position": [
                5.0,
                5.0
            ],
            "route_type": "fixed_patrol",
            "route": [
                [
                    6.966834390746396,
                    4.257667071995754
                ],
                [
                    2.658401694977048,
                    1.7689616589378199
                ],
                [
                    6.302473986235392,
                    3.946293139172055
                ],
                [
                    1.3552067179812433,
                    7.791250961444638
                ],
                [
                    6.094298568329971,
                    7.3040163524627575
                ]
            ]
        },
        {
            "id": "D3",
            "skills": [
                "search"
            ],
            "cost": 1,
            "time": 1,
            "quality": 1,
            "initial_battery": 100,
            "initial_position": [
                5.0,
                5.0
            ],
            "route_type": "fixed_patrol",
            "route": [
                [
                    8.734659141352761,
                    7.983518179331838
                ],
                [
                    7.838243729335123,
                    8.118667974513276
                ],
                [
                    4.828419761512463,
                    1.5843606414152855
                ],
                [
                    1.8752068643192157,
                    8.29533466903236
                ],
                [
                    7.178755685085956,
                    4.545364156199092
                ]
            ]
        }
    ]
}