{
    "simulation_ticks": 200,
    "tick_delay_seconds": 0.1,
    "pyfly_config_path": "mock_config.txt",
    "pyfly_param_path": "mock_param.txt",
    "mas_config": {
        "contract_frequency": 9999,
        "contract_skills": [
            "search",
            "rescue"
        ]
    },
    "drones": [
        {
            "id": "D1",
            "skills": [
                "search"
            ],
            "cost": 1,
            "time": 1,
            "quality": 1,
            "initial_battery": 100,
            "initial_position": [
                5.0,
                5.0
            ],
            "route_type": "fixed_patrol",
            "route": [
                [
                    3.3615425052857475,
                    8.588675237729625
                ],
                [
                    1.2835560487094586,
                    2.1816266201866537
                ],
                [
                    2.0312817694706586,
                    3.7623249388791438
                ],
                [
                    5.463128792985451,
                    8.524997990574034
                ],
                [
                    8.73761163396336,
                    2.1751154513229576
                ]
            ]
        },
        {
            "id": "D2",
            "skills": [
                "search"
            ],
            "cost": 1,
            "time": 1,
            "quality": 1,
            "initial_battery": 100,
            "initial_position": [
                5.0,
                5.0
            ],
            "route_type": "fixed_patrol",
            "route": [
                [
                    1.2639789227587128,
                    3.802672564095875
                ],
                [
                    4.776751038141811,
                    1.5026593837489823
                ],
                [
                    6.593394360876286,
                    8.143095587795578
                ],
                [
                    8.320579236323503,
                    3.304941944638914
                ],
                [
                    6.587220197867521,
                    7.2477097633811285
                ]
            ]
        },
        {
            "id": "D3",
            "skills": [
                "search"
            ],
            "cost": 1,
            "time": 1,
            "quality": 1,
            "initial_battery": 100,
            "initial_position": [
                5.0,
                5.0
            ],
            "route_type": "fixed_patrol",
            "route": [
                [
                    7.117994338044398,
                    3.2893176242386595
                ],
                [
                    3.791294045574853,
                    6.962701154387114
                ],
                [
                    4.430107489800792,
                    6.199779182672494
                ],
                [
                    7.9420842207363975,
                    3.8559071777662277
                ],
                [
                    4.837394435949114,
                    8.058171391761045
                ]
            ]
        }
    ]
}