{
    "simulation_ticks": 200,
    "tick_delay_seconds": 0.1,
    "pyfly_config_path": "mock_config.txt",
    "pyfly_param_path": "mock_param.txt",
    "mas_config": {
        "contract_frequency": 9999,
        "contract_skills": [
            "search",
            "rescue"
        ]
    },
    "drones": [
        {
            "id": "D1",
            "skills": [
                "search"
            ],
            "cost": 1,
            "time": 1,
            "quality": 1,
            "initial_battery": 100,
            "initial_position": [
                5.0,
                5.0
            ],
            "route_type": "fixed_patrol",
            "route": [
                [
                    2.951687042902609,
                    3.3570277292788786
                ],
                [
                    7.4632603754971365,
                    3.27675848674908
                ],
                [
                    5.318469018038146,
                    6.678018827616768
                ],
                [
                    8.074537473797978,
                    2.310084731925585
                ],
                [
                    8.429910870113645,
                    7.847099096409794
                ]
            ]
        },
        {
            "id": "D2",
            "skills": [
                "search"
            ],
            "cost": 1,
            "time": 1,
            "quality": 1,
            "initial_battery": 100,
            "initial_position": [
                5.0,
                5.0
            ],
            "route_type": "fixed_patrol",
            "route": [
                [
                    3.5199556653135513,
                    4.393834553627571
                ],
                [
                    5.5692175202173315,
                    3.5744084684300947
                ],
                [
                    6.214752078719207,
                    5.9399716444969055
                ],
                [
                    8.486498551963287,
                    2.1845143864858576
                ],
                [
                    4.475315372670364,
                    7.775273071640629
                ]
            ]
        },
        {
            "id": "D3",
            "skills": [
                "search"
            ],
            "cost": 1,
            "time": 1,
            "quality": 1,
            "initial_battery": 100,
            "initial_position": [
                5.0,
                5.0
            ],
            "route_type": "fixed_patrol",
            "route": [
                [
                    6.732175090998342,
                    1.83564480300437
                ],
                [
                    3.147465333139402,
                    4.8886514463499005
                ],
                [
                    6.596567852864658,
                    3.5549632277554544
                ],
                [
                    1.1107018517397202,
                    1.8039743618340065
                ],
                [
                    6.31541211248555,
                    2.2384199591992386
                ]
            ]
        }
    ]
}