{
    "simulation_ticks": 200,
    "tick_delay_seconds": 0.1,
    "pyfly_config_path": "mock_config.txt",
    "pyfly_param_path": "mock_param.txt",
    "mas_config": {
        "contract_frequency": 9999,
        "contract_skills": [
            "search",
            "rescue"
        ]
    },
    "drones": [
        {
            "id": "D1",
            "skills": [
                "search"
            ],
            "cost": 1,
            "time": 1,
            "quality": 1,
            "initial_battery": 100,
            "initial_position": [
                5.0,
                5.0
            ],
            "route_type": "fixed_patrol",
            "route": [
                [
                    1.3472792345146596,
                    2.1129384973987984
                ],
                [
                    7.79780205485071,
                    8.206899455649955
                ],
                [
                    6.660474185202823,
                    2.8020774244926585
                ],
                [
                    2.116677307584572,
                    6.276940950411707
                ],
                [
                    1.6912669458999163,
                    5.437403773961102
                ]
            ]
        },
        {
            "id": "D2",
            "skills": [
                "search"
            ],
            "cost": 1,
            "time": 1,
            "quality": 1,
            "initial_battery": 100,
            "initial_position": [
                5.0,
                5.0
            ],
            "route_type": "fixed_patrol",
            "route": [
                [
                    2.4959204935224175,
                    3.1675154499012015
                ],
                [
                    8.531067196501837,
                    8.852333903635074
                ],
                [
                    7.539769717233264,
                    8.774393590046452
                ],
                [
                    7.472908366639941,
                    3.970473008120334
                ],
                [
                    4.729079169249352,
                    2.8380206409396385
                ]
            ]
        },
        {
            "id": "D3",
            "skills": [
                "search"
            ],
            "cost": 1,
            "time": 1,
            "quality": 1,
            "initial_battery": 100,
            "initial_position": [
                5.0,
                5.0
            ],
            "route_type": "fixed_patrol",
            "route": [
                [
                    4.255282672946518,
                    2.0755599814138392
                ],
                [
                    6.152399354844574,
                    8.041261583320482
                ],
                [
                    6.403769614295206,
                    8.933820498242778
                ],
                [
                    5.506291519408381,
                    6.117675103729643
                ],
                [
                    4.473051677759222,
                    4.84797841721097
                ]
            ]
        }
    ]
}