{
    "simulation_ticks": 200,
    "tick_delay_seconds": 0.1,
    "pyfly_config_path": "mock_config.txt",
    "pyfly_param_path": "mock_param.txt",
    "mas_config": {
        "contract_frequency": 9999,
        "contract_skills": [
            "search",
            "rescue"
        ]
    },
    "drones": [
        {
            "id": "D1",
            "skills": [
                "search"
            ],
            "cost": 1,
            "time": 1,
            "quality": 1,
            "initial_battery": 100,
            "initial_position": [
                5.0,
                5.0
            ],
            "route_type": "fixed_patrol",
            "route": [
                [
                    7.440781538477962,
                    7.009923217564394
                ],
                [
                    3.8543153426256813,
                    1.8754332098368698
                ],
                [
                    8.75368088342685,
                    7.06236461764631
                ],
                [
                    3.504220107910893,
                    1.0024894263563473
                ],
                [
                    8.128340517456223,
                    5.7712190780982615
                ]
            ]
        },
        {
            "id": "D2",
            "skills": [
                "search"
            ],
            "cost": 1,
            "time": 1,
            "quality": 1,
            "initial_battery": 100,
            "initial_position": [
                5.0,
                5.0
            ],
            "route_type": "fixed_patrol",
            "route": [
                [
                    8.576985815528829,
                    4.515169461428131
                ],
                [
                    6.06513058163799,
                    4.812121883999186
                ],
                [
                    3.073259249230227,
                    4.9315773671081455
                ],
                [
                    8.200612429054747,
                    2.283516184180179
                ],
                [
                    6.911696929942303,
                    8.403956023578287
                ]
            ]
        },
        {
            "id": "D3",
            "skills": [
                "search"
            ],
            "cost": 1,
            "time": 1,
            "quality": 1,
            "initial_battery": 100,
            "initial_position": [
                5.0,
                5.0
            ],
            "route_type": "fixed_patrol",
            "route": [
                [
                    5.119463092951804,
                    7.899662027078624
                ],
                [
                    8.598345077866405,
                    3.7420100395833398
                ],
                [
                    5.808259660461112,
                    4.2133916501613164
                ],
                [
                    6.0667060152796175,
                    4.400216362634653
                ],
                [
                    4.078740297365127,
                    8.650517120317007
                ]
            ]
        }
    ]
}