{
    "simulation_ticks": 200,
    "tick_delay_seconds": 0.1,
    "pyfly_config_path": "mock_config.txt",
    "pyfly_param_path": "mock_param.txt",
    "mas_config": {
        "contract_frequency": 9999,
        "contract_skills": [
            "search",
            "rescue"
        ]
    },
    "drones": [
        {
            "id": "D1",
            "skills": [
                "search"
            ],
            "cost": 1,
            "time": 1,
            "quality": 1,
            "initial_battery": 100,
            "initial_position": [
                5.0,
                5.0
            ],
            "route_type": "fixed_patrol",
            "route": [
                [
                    3.1938896744862584,
                    4.422484375431134
                ],
                [
                    2.5872919087424053,
                    7.481308057056649
                ],
                [
                    5.306987781933208,
                    5.056099734898199
                ],
                [
                    8.139033776688992,
                    1.020898931279243
                ],
                [
                    8.933558277688906,
                    7.897691425063001
                ]
            ]
        },
        {
            "id": "D2",
            "skills": [
                "search"
            ],
            "cost": 1,
            "time": 1,
            "quality": 1,
            "initial_battery": 100,
            "initial_position": [
                5.0,
                5.0
            ],
            "route_type": "fixed_patrol",
            "route": [
                [
                    3.2842222248404873,
                    5.84447126169246
                ],
                [
                    1.2644563167169434,
                    7.961088023951433
                ],
                [
                    4.464015540728831,
                    4.487071202588054
                ],
                [
                    2.5031526153305723,
                    1.321949265996265
                ],
                [
                    7.236365846127787,
                    3.1311898883734957
                ]
            ]
        },
        {
            "id": "D3",
            "skills": [
                "search"
            ],
            "cost": 1,
            "time": 1,
            "quality": 1,
            "initial_battery": 100,
            "initial_position": [
                5.0,
                5.0
            ],
            "route_type": "fixed_patrol",
            "route": [
                [
                    3.372383675319438,
                    3.5704285610293818
                ],
                [
                    6.755556907396871,
                    5.850388568732428
                ],
                [
                    2.344374026023435,
                    2.0289025832863485
                ],
                [
                    1.010161373196408,
                    1.1567404008034412
                ],
                [
                    5.944833150188243,
                    2.984582514748203
                ]
            ]
        }
    ]
}