{
    "simulation_ticks": 200,
    "tick_delay_seconds": 0.1,
    "pyfly_config_path": "mock_config.txt",
    "pyfly_param_path": "mock_param.txt",
    "mas_config": {
        "contract_frequency": 9999,
        "contract_skills": [
            "search",
            "rescue"
        ]
    },
    "drones": [
        {
            "id": "D1",
            "skills": [
                "search"
            ],
            "cost": 1,
            "time": 1,
            "quality": 1,
            "initial_battery": 100,
            "initial_position": [
                5.0,
                5.0
            ],
            "route_type": "fixed_patrol",
            "route": [
                [
                    5.3557336488967,
                    3.7607707520246283
                ],
                [
                    8.31826528641512,
                    2.8240086348411513
                ],
                [
                    6.803531226913316,
                    2.3753727773849462
                ],
                [
                    8.604355561199409,
                    1.0961713212358033
                ],
                [
                    1.1950041292996048,
                    7.537450144353744
                ]
            ]
        },
        {
            "id": "D2",
            "skills": [
                "search"
            ],
            "cost": 1,
            "time": 1,
            "quality": 1,
            "initial_battery": 100,
            "initial_position": [
                5.0,
                5.0
            ],
            "route_type": "fixed_patrol",
            "route": [
                [
                    3.691009557403433,
                    8.343372003408222
                ],
                [
                    7.799616743614139,
                    1.646060900086895
                ],
                [
                    4.283012319109171,
                    8.94875074259247
                ],
                [
                    7.35691496850519,
                    1.645035839063186
                ],
                [
                    3.2780209856566964,
                    2.3246068724462594
                ]
            ]
        },
        {
            "id": "D3",
            "skills": [
                "search"
            ],
            "cost": 1,
            "time": 1,
            "quality": 1,
            "initial_battery": 100,
            "initial_position": [
                5.0,
                5.0
            ],
            "route_type": "fixed_patrol",
            "route": [
                [
                    6.003702104276968,
                    5.92031101038236
                ],
                [
                    3.8181415103090703,
                    2.0242993835628553
                ],
                [
                    6.953369930423603,
                    2.147668272582676
                ],
                [
                    3.0407721861992325,
                    8.600145421689307
                ],
                [
                    8.922154201212388,
                    8.108240989945406
                ]
            ]
        }
    ]
}