{
    "simulation_ticks": 200,
    "tick_delay_seconds": 0.1,
    "pyfly_config_path": "mock_config.txt",
    "pyfly_param_path": "mock_param.txt",
    "mas_config": {
        "contract_frequency": 9999,
        "contract_skills": [
            "search",
            "rescue"
        ]
    },
    "drones": [
        {
            "id": "D1",
            "skills": [
                "search"
            ],
            "cost": 1,
            "time": 1,
            "quality": 1,
            "initial_battery": 100,
            "initial_position": [
                5.0,
                5.0
            ],
            "route_type": "fixed_patrol",
            "route": [
                [
                    4.292058916448504,
                    6.316969202748673
                ],
                [
                    8.131798596101714,
                    8.68694569249935
                ],
                [
                    8.778780508582226,
                    1.0987641102299044
                ],
                [
                    8.122069433511815,
                    3.316849623120776
                ],
                [
                    2.1662588148773754,
                    4.437613571908291
                ]
            ]
        },
        {
            "id": "D2",
            "skills": [
                "search"
            ],
            "cost": 1,
            "time": 1,
            "quality": 1,
            "initial_battery": 100,
            "initial_position": [
                5.0,
                5.0
            ],
            "route_type": "fixed_patrol",
            "route": [
                [
                    7.9392673729446335,
                    5.235853171394191
                ],
                [
                    4.266552048081525,
                    7.3272985053062705
                ],
                [
                    2.782182879741696,
                    6.907499706412995
                ],
                [
                    2.5624561998567046,
                    8.736599545006047
                ],
                [
                    8.045067125948137,
                    4.231858637688127
                ]
            ]
        },
        {
            "id": "D3",
            "skills": [
                "search"
            ],
            "cost": 1,
            "time": 1,
            "quality": 1,
            "initial_battery": 100,
            "initial_position": [
                5.0,
                5.0
            ],
            "route_type": "fixed_patrol",
            "route": [
                [
                    2.887147529804457,
                    4.202923664143088
                ],
                [
                    3.838346262813623,
                    1.6323958300732846
                ],
                [
                    2.1076377946604055,
                    1.7959835994401612
                ],
                [
                    1.782377282976923,
                    2.3991357122970927
                ],
                [
                    2.8468845564718572,
                    5.530301787465422
                ]
            ]
        }
    ]
}