{
    "simulation_ticks": 200,
    "tick_delay_seconds": 0.1,
    "pyfly_config_path": "mock_config.txt",
    "pyfly_param_path": "mock_param.txt",
    "mas_config": {
        "contract_frequency": 9999,
        "contract_skills": [
            "search",
            "rescue"
        ]
    },
    "drones": [
        {
            "id": "D1",
            "skills": [
                "search"
            ],
            "cost": 1,
            "time": 1,
            "quality": 1,
            "initial_battery": 100,
            "initial_position": [
                5.0,
                5.0
            ],
            "route_type": "fixed_patrol",
            "route": [
                [
                    1.6605354407600768,
                    3.8779434498016663
                ],
                [
                    7.668324349663074,
                    2.80591755490798
                ],
                [
                    6.117295272707493,
                    6.600001310030524
                ],
                [
                    1.4239827980684705,
                    2.915148947476987
                ],
                [
                    5.388931804479363,
                    4.9988601063528435
                ]
            ]
        },
        {
            "id": "D2",
            "skills": [
                "search"
            ],
            "cost": 1,
            "time": 1,
            "quality": 1,
            "initial_battery": 100,
            "initial_position": [
                5.0,
                5.0
            ],
            "route_type": "fixed_patrol",
            "route": [
                [
                    6.703754366960742,
                    2.7981098241046167
                ],
                [
                    2.884917302473852,
                    7.634054717161958
                ],
                [
                    3.923748251795222,
                    3.9536641644763666
                ],
                [
                    1.9410530435792328,
                    3.9044724127020185
                ],
                [
                    6.980261001976755,
                    6.967487963997813
                ]
            ]
        },
        {
            "id": "D3",
            "skills": [
                "search"
            ],
            "cost": 1,
            "time": 1,
            "quality": 1,
            "initial_battery": 100,
            "initial_position": [
                5.0,
                5.0
            ],
            "route_type": "fixed_patrol",
            "route": [
                [
                    2.9948970811564406,
                    4.932518626783868
                ],
                [
                    6.105281396766408,
                    3.9123942029310435
                ],
                [
                    8.931314497247417,
                    2.508418752986093
                ],
                [
                    2.0370935012972975,
                    2.5835780091645333
                ],
                [
                    3.757625998411185,
                    7.884655960005949
                ]
            ]
        }
    ]
}