{
    "simulation_ticks": 200,
    "tick_delay_seconds": 0.1,
    "pyfly_config_path": "mock_config.txt",
    "pyfly_param_path": "mock_param.txt",
    "mas_config": {
        "contract_frequency": 9999,
        "contract_skills": [
            "search",
            "rescue"
        ]
    },
    "drones": [
        {
            "id": "D1",
            "skills": [
                "search"
            ],
            "cost": 1,
            "time": 1,
            "quality": 1,
            "initial_battery": 100,
            "initial_position": [
                5.0,
                5.0
            ],
            "route_type": "fixed_patrol",
            "route": [
                [
                    5.146417908586852,
                    3.7728141218854407
                ],
                [
                    7.372236736918028,
                    6.149514619206035
                ],
                [
                    2.3114985162290402,
                    3.169141114171093
                ],
                [
                    7.267297197262984,
                    3.9388237443607768
                ],
                [
                    6.727356564388882,
                    3.5773069825379507
                ]
            ]
        },
        {
            "id": "D2",
            "skills": [
                "search"
            ],
            "cost": 1,
            "time": 1,
            "quality": 1,
            "initial_battery": 100,
            "initial_position": [
                5.0,
                5.0
            ],
            "route_type": "fixed_patrol",
            "route": [
                [
                    5.472364212599237,
                    3.0788121600085185
                ],
                [
                    7.622289952484586,
                    6.43840794021681
                ],
                [
                    4.546221641388488,
                    5.018900390721488
                ],
                [
                    8.378766538551094,
                    4.42088383512232
                ],
                [
                    1.582324373960704,
                    1.395374577318024
                ]
            ]
        },
        {
            "id": "D3",
            "skills": [
                "search"
            ],
            "cost": 1,
            "time": 1,
            "quality": 1,
            "initial_battery": 100,
            "initial_position": [
                5.0,
                5.0
            ],
            "route_type": "fixed_patrol",
            "route": [
                [
                    7.563591977187792,
                    7.503642608802084
                ],
                [
                    1.8195426298804946,
                    1.9319005058246868
                ],
                [
                    8.445352618627535,
                    8.780300057018755
                ],
                [
                    1.9392518541131887,
                    8.797610963312026
                ],
                [
                    4.510698688597995,
                    3.8996375564505277
                ]
            ]
        }
    ]
}