{
    "simulation_ticks": 200,
    "tick_delay_seconds": 0.1,
    "pyfly_config_path": "mock_config.txt",
    "pyfly_param_path": "mock_param.txt",
    "mas_config": {
        "contract_frequency": 9999,
        "contract_skills": [
            "search",
            "rescue"
        ]
    },
    "drones": [
        {
            "id": "D1",
            "skills": [
                "search"
            ],
            "cost": 1,
            "time": 1,
            "quality": 1,
            "initial_battery": 100,
            "initial_position": [
                5.0,
                5.0
            ],
            "route_type": "fixed_patrol",
            "route": [
                [
                    6.578864637841016,
                    7.996011830580015
                ],
                [
                    2.3577852915077298,
                    5.9028716427640955
                ],
                [
                    1.4082864366089751,
                    3.3233023056712083
                ],
                [
                    8.271776698157694,
                    5.388074524056736
                ],
                [
                    2.499649907405029,
                    6.628035833361432
                ]
            ]
        },
        {
            "id": "D2",
            "skills": [
                "search"
            ],
            "cost": 1,
            "time": 1,
            "quality": 1,
            "initial_battery": 100,
            "initial_position": [
                5.0,
                5.0
            ],
            "route_type": "fixed_patrol",
            "route": [
                [
                    1.6347106676478598,
                    2.6622221683586886
                ],
                [
                    2.0696688595607897,
                    2.6348443183892174
                ],
                [
                    5.995303994260107,
                    3.48934578611453
                ],
                [
                    5.03799930101729,
                    5.184396105480634
                ],
                [
                    6.838145066520819,
                    4.921406409054207
                ]
            ]
        },
        {
            "id": "D3",
            "skills": [
                "search"
            ],
            "cost": 1,
            "time": 1,
            "quality": 1,
            "initial_battery": 100,
            "initial_position": [
                5.0,
                5.0
            ],
            "route_type": "fixed_patrol",
            "route": [
                [
                    6.123236927381336,
                    6.207924744954453
                ],
                [
                    3.2776029694323574,
                    5.325030659278113
                ],
                [
                    8.133874112221715,
                    6.2597672423176585
                ],
                [
                    6.006075487967049,
                    4.699739651189327
                ],
                [
                    3.798992654984728,
                    7.474668208650319
                ]
            ]
        }
    ]
}