{
    "simulation_ticks": 200,
    "tick_delay_seconds": 0.1,
    "pyfly_config_path": "mock_config.txt",
    "pyfly_param_path": "mock_param.txt",
    "mas_config": {
        "contract_frequency": 9999,
        "contract_skills": [
            "search",
            "rescue"
        ]
    },
    "drones": [
        {
            "id": "D1",
            "skills": [
                "search"
            ],
            "cost": 1,
            "time": 1,
            "quality": 1,
            "initial_battery": 100,
            "initial_position": [
                5.0,
                5.0
            ],
            "route_type": "fixed_patrol",
            "route": [
                [
                    8.840677486379903,
                    6.639537132268874
                ],
                [
                    8.53484311531972,
                    8.11555990130768
                ],
                [
                    5.772439982308307,
                    2.5566826717283098
                ],
                [
                    5.916335079842173,
                    8.679467404662567
                ],
                [
                    1.3706265179368184,
                    2.5066286229676056
                ]
            ]
        },
        {
            "id": "D2",
            "skills": [
                "search"
            ],
            "cost": 1,
            "time": 1,
            "quality": 1,
            "initial_battery": 100,
            "initial_position": [
                5.0,
                5.0
            ],
            "route_type": "fixed_patrol",
            "route": [
                [
                    2.8430394043419085,
                    7.9082945669268705
                ],
                [
                    6.355098370398698,
                    3.846264373931204
                ],
                [
                    6.977688923159479,
                    5.226060802693358
                ],
                [
                    5.422954728603952,
                    1.2439806733045193
                ],
                [
                    5.461952192628672,
                    8.930542107884666
                ]
            ]
        },
        {
            "id": "D3",
            "skills": [
                "search"
            ],
            "cost": 1,
            "time": 1,
            "quality": 1,
            "initial_battery": 100,
            "initial_position": [
                5.0,
                5.0
            ],
            "route_type": "fixed_patrol",
            "route": [
                [
                    1.1883480805973807,
                    2.0078397811624287
                ],
                [
                    8.743494273171812,
                    3.7671641608370656
                ],
                [
                    2.9513594466575315,
                    6.492934156414378
                ],
                [
                    2.3070169404012173,
                    2.5866691017590693
                ],
                [
                    1.0807635773952233,
                    8.86446906240396
                ]
            ]
        }
    ]
}