{
    "simulation_ticks": 200,
    "tick_delay_seconds": 0.1,
    "pyfly_config_path": "mock_config.txt",
    "pyfly_param_path": "mock_param.txt",
    "mas_config": {
        "contract_frequency": 9999,
        "contract_skills": [
            "search",
            "rescue"
        ]
    },
    "drones": [
        {
            "id": "D1",
            "skills": [
                "search"
            ],
            "cost": 1,
            "time": 1,
            "quality": 1,
            "initial_battery": 100,
            "initial_position": [
                5.0,
                5.0
            ],
            "route_type": "fixed_patrol",
            "route": [
                [
                    7.909618998700258,
                    5.519062334546926
                ],
                [
                    3.294896678164034,
                    3.978260683820297
                ],
                [
                    7.549317064876304,
                    5.026675369921564
                ],
                [
                    3.0365264958806293,
                    5.417557751562489
                ],
                [
                    5.235406527109402,
                    8.813963277226199
                ]
            ]
        },
        {
            "id": "D2",
            "skills": [
                "search"
            ],
            "cost": 1,
            "time": 1,
            "quality": 1,
            "initial_battery": 100,
            "initial_position": [
                5.0,
                5.0
            ],
            "route_type": "fixed_patrol",
            "route": [
                [
                    5.727159351689307,
                    5.97119982558893
                ],
                [
                    5.977742808971547,
                    6.1420460858018515
                ],
                [
                    1.7961475684346073,
                    5.5037412217331525
                ],
                [
                    1.7065039030593079,
                    7.89687291771874
                ],
                [
                    4.862494136185021,
                    5.134184466453969
                ]
            ]
        },
        {
            "id": "D3",
            "skills": [
                "search"
            ],
            "cost": 1,
            "time": 1,
            "quality": 1,
            "initial_battery": 100,
            "initial_position": [
                5.0,
                5.0
            ],
            "route_type": "fixed_patrol",
            "route": [
                [
                    7.889305954047928,
                    4.4583722370101055
                ],
                [
                    4.37588789546958,
                    7.9015766000343435
                ],
                [
                    8.269461914981296,
                    6.916951450550068
                ],
                [
                    6.1217820276696315,
                    7.579895740060941
                ],
                [
                    4.8848338881904,
                    4.128116558609519
                ]
            ]
        }
    ]
}