{
    "simulation_ticks": 200,
    "tick_delay_seconds": 0.1,
    "pyfly_config_path": "mock_config.txt",
    "pyfly_param_path": "mock_param.txt",
    "mas_config": {
        "contract_frequency": 9999,
        "contract_skills": [
            "search",
            "rescue"
        ]
    },
    "drones": [
        {
            "id": "D1",
            "skills": [
                "search"
            ],
            "cost": 1,
            "time": 1,
            "quality": 1,
            "initial_battery": 100,
            "initial_position": [
                5.0,
                5.0
            ],
            "route_type": "fixed_patrol",
            "route": [
                [
                    5.03103510763153,
                    2.507058037294601
                ],
                [
                    1.9964734905998966,
                    4.2334691752892395
                ],
                [
                    2.5836436696969995,
                    5.908422989149765
                ],
                [
                    8.065193745095893,
                    8.446188641616878
                ],
                [
                    3.8766567526165296,
                    4.985460271392354
                ]
            ]
        },
        {
            "id": "D2",
            "skills": [
                "search"
            ],
            "cost": 1,
            "time": 1,
            "quality": 1,
            "initial_battery": 100,
            "initial_position": [
                5.0,
                5.0
            ],
            "route_type": "fixed_patrol",
            "route": [
                [
                    1.990125114910171,
                    5.598981034796982
                ],
                [
                    5.915081049997302,
                    3.1462928556807013
                ],
                [
                    6.623324966248959,
                    1.177266412398268
                ],
                [
                    7.816616879364483,
                    7.748774826571799
                ],
                [
                    7.981649245859403,
                    5.329865968003069
                ]
            ]
        },
        {
            "id": "D3",
            "skills": [
                "search"
            ],
            "cost": 1,
            "time": 1,
            "quality": 1,
            "initial_battery": 100,
            "initial_position": [
                5.0,
                5.0
            ],
            "route_type": "fixed_patrol",
            "route": [
                [
                    7.714588395775645,
                    1.5013564843787819
                ],
                [
                    4.014318418714714,
                    6.46447840052622
                ],
                [
                    3.9738173318265178,
                    8.466267892101493
                ],
                [
                    3.926871111987153,
                    3.9803825824802868
                ],
                [
                    3.588257176146765,
                    8.14170689589962
                ]
            ]
        }
    ]
}