{
    "simulation_ticks": 200,
    "tick_delay_seconds": 0.1,
    "pyfly_config_path": "mock_config.txt",
    "pyfly_param_path": "mock_param.txt",
    "mas_config": {
        "contract_frequency": 9999,
        "contract_skills": [
            "search",
            "rescue"
        ]
    },
    "drones": [
        {
            "id": "D1",
            "skills": [
                "search"
            ],
            "cost": 1,
            "time": 1,
            "quality": 1,
            "initial_battery": 100,
            "initial_position": [
                5.0,
                5.0
            ],
            "route_type": "fixed_patrol",
            "route": [
                [
                    1.0135202792062854,
                    4.698885201213221
                ],
                [
                    2.4803543123458294,
                    7.628258325280198
                ],
                [
                    6.011914191131982,
                    2.364341898709415
                ],
                [
                    1.9104949090529901,
                    6.228195308594331
                ],
                [
                    4.051111292001725,
                    1.071190855595801
                ]
            ]
        },
        {
            "id": "D2",
            "skills": [
                "search"
            ],
            "cost": 1,
            "time": 1,
            "quality": 1,
            "initial_battery": 100,
            "initial_position": [
                5.0,
                5.0
            ],
            "route_type": "fixed_patrol",
            "route": [
                [
                    4.21316364100312,
                    8.614809789810813
                ],
                [
                    5.055231490627008,
                    1.4097949498221345
                ],
                [
                    6.716308697139543,
                    5.892833299852756
                ],
                [
                    5.885308068034108,
                    1.1132591199936535
                ],
                [
                    6.438520500019178,
                    5.336269619396292
                ]
            ]
        },
        {
            "id": "D3",
            "skills": [
                "search"
            ],
            "cost": 1,
            "time": 1,
            "quality": 1,
            "initial_battery": 100,
            "initial_position": [
                5.0,
                5.0
            ],
            "route_type": "fixed_patrol",
            "route": [
                [
                    4.449360218594526,
                    5.825977662621032
                ],
                [
                    7.69744479480739,
                    2.301595136450766
                ],
                [
                    5.77870360223837,
                    5.230552374572341
                ],
                [
                    3.60096427530416,
                    4.340307911464314
                ],
                [
                    3.8344316809092183,
                    4.70828990612697
                ]
            ]
        }
    ]
}