{
    "simulation_ticks": 200,
    "tick_delay_seconds": 0.1,
    "pyfly_config_path": "mock_config.txt",
    "pyfly_param_path": "mock_param.txt",
    "mas_config": {
        "contract_frequency": 9999,
        "contract_skills": [
            "search",
            "rescue"
        ]
    },
    "drones": [
        {
            "id": "D1",
            "skills": [
                "search"
            ],
            "cost": 1,
            "time": 1,
            "quality": 1,
            "initial_battery": 100,
            "initial_position": [
                5.0,
                5.0
            ],
            "route_type": "fixed_patrol",
            "route": [
                [
                    8.279185952102054,
                    2.8821281878579805
                ],
                [
                    7.547262716682871,
                    2.4334093169597155
                ],
                [
                    2.7536214607118676,
                    4.438192471470884
                ],
                [
                    5.181349140673744,
                    3.82141738895793
                ],
                [
                    4.651243796931361,
                    4.550849940438758
                ]
            ]
        },
        {
            "id": "D2",
            "skills": [
                "search"
            ],
            "cost": 1,
            "time": 1,
            "quality": 1,
            "initial_battery": 100,
            "initial_position": [
                5.0,
                5.0
            ],
            "route_type": "fixed_patrol",
            "route": [
                [
                    6.419178950557914,
                    5.819671106768347
                ],
                [
                    3.604655039901079,
                    3.9576552819877318
                ],
                [
                    4.634836241709217,
                    5.813109084073955
                ],
                [
                    1.1840177890104018,
                    5.116240013294681
                ],
                [
                    7.593249626516737,
                    1.594446589378757
                ]
            ]
        },
        {
            "id": "D3",
            "skills": [
                "search"
            ],
            "cost": 1,
            "time": 1,
            "quality": 1,
            "initial_battery": 100,
            "initial_position": [
                5.0,
                5.0
            ],
            "route_type": "fixed_patrol",
            "route": [
                [
                    3.551471341558061,
                    2.98540926816964
                ],
                [
                    8.275784941402167,
                    8.554416340186878
                ],
                [
                    5.451967669769287,
                    2.2203005466624646
                ],
                [
                    4.720890929135101,
                    7.965965854408002
                ],
                [
                    7.236724391984823,
                    5.732217665204787
                ]
            ]
        }
    ]
}