{
    "simulation_ticks": 200,
    "tick_delay_seconds": 0.1,
    "pyfly_config_path": "mock_config.txt",
    "pyfly_param_path": "mock_param.txt",
    "mas_config": {
        "contract_frequency": 9999,
        "contract_skills": [
            "search",
            "rescue"
        ]
    },
    "drones": [
        {
            "id": "D1",
            "skills": [
                "search"
            ],
            "cost": 1,
            "time": 1,
            "quality": 1,
            "initial_battery": 100,
            "initial_position": [
                5.0,
                5.0
            ],
            "route_type": "fixed_patrol",
            "route": [
                [
                    5.5285811466210335,
                    6.7180288678197355
                ],
                [
                    2.160550561515395,
                    1.0880363161187754
                ],
                [
                    8.302438524503266,
                    8.574060696731555
                ],
                [
                    7.306442644481597,
                    7.693402867792094
                ],
                [
                    4.018098344385487,
                    4.035621838630614
                ]
            ]
        },
        {
            "id": "D2",
            "skills": [
                "search"
            ],
            "cost": 1,
            "time": 1,
            "quality": 1,
            "initial_battery": 100,
            "initial_position": [
                5.0,
                5.0
            ],
            "route_type": "fixed_patrol",
            "route": [
                [
                    8.405999083387865,
                    3.2933521334519993
                ],
                [
                    1.150219346328825,
                    3.180678728849375
                ],
                [
                    1.6578334208605767,
                    8.95079574064923
                ],
                [
                    4.217229707456891,
                    2.7414031812179065
                ],
                [
                    2.039088916059641,
                    7.626013316905795
                ]
            ]
        },
        {
            "id": "D3",
            "skills": [
                "search"
            ],
            "cost": 1,
            "time": 1,
            "quality": 1,
            "initial_battery": 100,
            "initial_position": [
                5.0,
                5.0
            ],
            "route_type": "fixed_patrol",
            "route": [
                [
                    1.564046136087451,
                    6.212842121523897
                ],
                [
                    6.123346162907664,
                    2.455424854772766
                ],
                [
                    2.352332862281777,
                    1.4381042579049117
                ],
                [
                    3.1939398892233513,
                    2.3684791209936593
                ],
                [
                    8.577772797526224,
                    5.507802283338108
                ]
            ]
        }
    ]
}