{
    "simulation_ticks": 200,
    "tick_delay_seconds": 0.1,
    "pyfly_config_path": "mock_config.txt",
    "pyfly_param_path": "mock_param.txt",
    "mas_config": {
        "contract_frequency": 9999,
        "contract_skills": [
            "search",
            "rescue"
        ]
    },
    "drones": [
        {
            "id": "D1",
            "skills": [
                "search"
            ],
            "cost": 1,
            "time": 1,
            "quality": 1,
            "initial_battery": 100,
            "initial_position": [
                5.0,
                5.0
            ],
            "route_type": "fixed_patrol",
            "route": [
                [
                    7.141265770798791,
                    6.492119761744038
                ],
                [
                    4.481285124983734,
                    4.9308061892742145
                ],
                [
                    1.309122691443033,
                    5.000906207623263
                ],
                [
                    4.954481529663019,
                    1.8301404326370232
                ],
                [
                    4.383636210534232,
                    6.295699298453092
                ]
            ]
        },
        {
            "id": "D2",
            "skills": [
                "search"
            ],
            "cost": 1,
            "time": 1,
            "quality": 1,
            "initial_battery": 100,
            "initial_position": [
                5.0,
                5.0
            ],
            "route_type": "fixed_patrol",
            "route": [
                [
                    8.437001236219263,
                    5.742704777913895
                ],
                [
                    6.13006924315019,
                    1.2043910896433925
                ],
                [
                    4.220565713334546,
                    2.9448183940136285
                ],
                [
                    3.8409966698485913,
                    8.244719146242094
                ],
                [
                    5.322823629640231,
                    3.4237012770882824
                ]
            ]
        },
        {
            "id": "D3",
            "skills": [
                "search"
            ],
            "cost": 1,
            "time": 1,
            "quality": 1,
            "initial_battery": 100,
            "initial_position": [
                5.0,
                5.0
            ],
            "route_type": "fixed_patrol",
            "route": [
                [
                    4.6369890378110465,
                    7.160828482804222
                ],
                [
                    2.0503085462938397,
                    6.116549310142381
                ],
                [
                    3.7239156412617938,
                    6.891675091782628
                ],
                [
                    3.9053596659643706,
                    3.7819232735862034
                ],
                [
                    2.9814314458476288,
                    8.538987293459627
                ]
            ]
        }
    ]
}