{
    "simulation_ticks": 200,
    "tick_delay_seconds": 0.1,
    "pyfly_config_path": "mock_config.txt",
    "pyfly_param_path": "mock_param.txt",
    "mas_config": {
        "contract_frequency": 9999,
        "contract_skills": [
            "search",
            "rescue"
        ]
    },
    "drones": [
        {
            "id": "D1",
            "skills": [
                "search"
            ],
            "cost": 1,
            "time": 1,
            "quality": 1,
            "initial_battery": 100,
            "initial_position": [
                5.0,
                5.0
            ],
            "route_type": "fixed_patrol",
            "route": [
                [
                    8.687482613479997,
                    6.231905517222051
                ],
                [
                    7.124656038327703,
                    1.8314144077843961
                ],
                [
                    6.633483607347454,
                    2.387431101648061
                ],
                [
                    4.435712820766498,
                    5.224127214638955
                ],
                [
                    4.597338339164764,
                    8.83433775459271
                ]
            ]
        },
        {
            "id": "D2",
            "skills": [
                "search"
            ],
            "cost": 1,
            "time": 1,
            "quality": 1,
            "initial_battery": 100,
            "initial_position": [
                5.0,
                5.0
            ],
            "route_type": "fixed_patrol",
            "route": [
                [
                    8.360264792549877,
                    2.7980405752597655
                ],
                [
                    4.653086565835603,
                    4.908309901560942
                ],
                [
                    6.626456473962536,
                    5.421817120210075
                ],
                [
                    5.880048599663959,
                    4.015837544621398
                ],
                [
                    6.223449495989521,
                    2.0250352335187634
                ]
            ]
        },
        {
            "id": "D3",
            "skills": [
                "search"
            ],
            "cost": 1,
            "time": 1,
            "quality": 1,
            "initial_battery": 100,
            "initial_position": [
                5.0,
                5.0
            ],
            "route_type": "fixed_patrol",
            "route": [
                [
                    6.366597374563141,
                    7.947092414597417
                ],
                [
                    1.0525568397641791,
                    8.735908940688436
                ],
                [
                    5.5190262499567515,
                    5.4682793278231525
                ],
                [
                    1.5276139616902302,
                    4.364576020470804
                ],
                [
                    4.248881960773401,
                    8.475439257526727
                ]
            ]
        }
    ]
}