{
    "simulation_ticks": 200,
    "tick_delay_seconds": 0.1,
    "pyfly_config_path": "mock_config.txt",
    "pyfly_param_path": "mock_param.txt",
    "mas_config": {
        "contract_frequency": 9999,
        "contract_skills": [
            "search",
            "rescue"
        ]
    },
    "drones": [
        {
            "id": "D1",
            "skills": [
                "search"
            ],
            "cost": 1,
            "time": 1,
            "quality": 1,
            "initial_battery": 100,
            "initial_position": [
                5.0,
                5.0
            ],
            "route_type": "fixed_patrol",
            "route": [
                [
                    8.37749569513868,
                    6.728785803535923
                ],
                [
                    8.415083564867006,
                    5.359888920329945
                ],
                [
                    2.8825460568978656,
                    2.7060356405164994
                ],
                [
                    5.514312415908353,
                    8.859947725058845
                ],
                [
                    1.1181480850175634,
                    6.291929076108927
                ]
            ]
        },
        {
            "id": "D2",
            "skills": [
                "search"
            ],
            "cost": 1,
            "time": 1,
            "quality": 1,
            "initial_battery": 100,
            "initial_position": [
                5.0,
                5.0
            ],
            "route_type": "fixed_patrol",
            "route": [
                [
                    1.564332811927052,
                    2.8510447952126716
                ],
                [
                    6.631790653366891,
                    8.095174599917492
                ],
                [
                    1.1922833655263574,
                    4.249562230225264
                ],
                [
                    6.849188807139691,
                    4.754468829202665
                ],
                [
                    7.564160091074291,
                    6.455136977854009
                ]
            ]
        },
        {
            "id": "D3",
            "skills": [
                "search"
            ],
            "cost": 1,
            "time": 1,
            "quality": 1,
            "initial_battery": 100,
            "initial_position": [
                5.0,
                5.0
            ],
            "route_type": "fixed_patrol",
            "route": [
                [
                    6.394435151248017,
                    1.1542964669283915
                ],
                [
                    2.3143640380735686,
                    8.153183320606736
                ],
                [
                    4.144284160185128,
                    8.062632531348815
                ],
                [
                    7.481953860790949,
                    8.376320281503133
                ],
                [
                    1.8573192083686019,
                    5.840400724864828
                ]
            ]
        }
    ]
}