{
    "simulation_ticks": 200,
    "tick_delay_seconds": 0.1,
    "pyfly_config_path": "mock_config.txt",
    "pyfly_param_path": "mock_param.txt",
    "mas_config": {
        "contract_frequency": 9999,
        "contract_skills": [
            "search",
            "rescue"
        ]
    },
    "drones": [
        {
            "id": "D1",
            "skills": [
                "search"
            ],
            "cost": 1,
            "time": 1,
            "quality": 1,
            "initial_battery": 100,
            "initial_position": [
                5.0,
                5.0
            ],
            "route_type": "fixed_patrol",
            "route": [
                [
                    7.032039176780187,
                    2.853846855794033
                ],
                [
                    1.3088340864138752,
                    1.3635584852157816
                ],
                [
                    8.003944714364277,
                    5.591579311441155
                ],
                [
                    2.205640040638615,
                    4.7644806172924214
                ],
                [
                    7.440793703606655,
                    3.968511646485986
                ]
            ]
        },
        {
            "id": "D2",
            "skills": [
                "search"
            ],
            "cost": 1,
            "time": 1,
            "quality": 1,
            "initial_battery": 100,
            "initial_position": [
                5.0,
                5.0
            ],
            "route_type": "fixed_patrol",
            "route": [
                [
                    7.222021989884966,
                    3.093455611877042
                ],
                [
                    5.233388002827944,
                    7.647715063652884
                ],
                [
                    2.8470692300077305,
                    5.194761041106094
                ],
                [
                    8.016439358761954,
                    5.073281970443334
                ],
                [
                    7.795187541762674,
                    8.413152383034221
                ]
            ]
        },
        {
            "id": "D3",
            "skills": [
                "search"
            ],
            "cost": 1,
            "time": 1,
            "quality": 1,
            "initial_battery": 100,
            "initial_position": [
                5.0,
                5.0
            ],
            "route_type": "fixed_patrol",
            "route": [
                [
                    8.40433810105284,
                    4.208960170525778
                ],
                [
                    8.544716563708358,
                    6.700881286375436
                ],
                [
                    2.42142056763661,
                    2.559505901252715
                ],
                [
                    4.810075180988744,
                    5.028521744146948
                ],
                [
                    3.1862022866149147,
                    8.04822647562606
                ]
            ]
        }
    ]
}