{
    "simulation_ticks": 200,
    "tick_delay_seconds": 0.1,
    "pyfly_config_path": "mock_config.txt",
    "pyfly_param_path": "mock_param.txt",
    "mas_config": {
        "contract_frequency": 9999,
        "contract_skills": [
            "search",
            "rescue"
        ]
    },
    "drones": [
        {
            "id": "D1",
            "skills": [
                "search"
            ],
            "cost": 1,
            "time": 1,
            "quality": 1,
            "initial_battery": 100,
            "initial_position": [
                5.0,
                5.0
            ],
            "route_type": "fixed_patrol",
            "route": [
                [
                    7.720042544702067,
                    4.732974105137442
                ],
                [
                    2.300309904320468,
                    7.740322129546302
                ],
                [
                    7.216885096894764,
                    4.186375770774249
                ],
                [
                    6.300207012076427,
                    4.282259867292465
                ],
                [
                    6.477638442646869,
                    4.160328423611639
                ]
            ]
        },
        {
            "id": "D2",
            "skills": [
                "search"
            ],
            "cost": 1,
            "time": 1,
            "quality": 1,
            "initial_battery": 100,
            "initial_position": [
                5.0,
                5.0
            ],
            "route_type": "fixed_patrol",
            "route": [
                [
                    8.5657875875505,
                    6.648521755769902
                ],
                [
                    5.486487175715275,
                    7.361826092048579
                ],
                [
                    5.76048678776495,
                    5.945699785839401
                ],
                [
                    5.3961219589833025,
                    4.611814396416349
                ],
                [
                    1.0356913261019463,
                    5.270613461780533
                ]
            ]
        },
        {
            "id": "D3",
            "skills": [
                "search"
            ],
            "cost": 1,
            "time": 1,
            "quality": 1,
            "initial_battery": 100,
            "initial_position": [
                5.0,
                5.0
            ],
            "route_type": "fixed_patrol",
            "route": [
                [
                    1.467297618109117,
                    3.01253410605453
                ],
                [
                    4.548309595675636,
                    2.886016059546928
                ],
                [
                    8.683644553520416,
                    5.402249204899377
                ],
                [
                    8.518605240554654,
                    8.793643434084835
                ],
                [
                    5.764611376082878,
                    7.296997732319
                ]
            ]
        }
    ]
}