{
    "simulation_ticks": 200,
    "tick_delay_seconds": 0.1,
    "pyfly_config_path": "mock_config.txt",
    "pyfly_param_path": "mock_param.txt",
    "mas_config": {
        "contract_frequency": 9999,
        "contract_skills": [
            "search",
            "rescue"
        ]
    },
    "drones": [
        {
            "id": "D1",
            "skills": [
                "search"
            ],
            "cost": 1,
            "time": 1,
            "quality": 1,
            "initial_battery": 100,
            "initial_position": [
                5.0,
                5.0
            ],
            "route_type": "fixed_patrol",
            "route": [
                [
                    8.885221552048137,
                    7.037148259425056
                ],
                [
                    7.6414893112849684,
                    7.969196929241802
                ],
                [
                    3.9256953881503165,
                    5.9946106102783645
                ],
                [
                    3.846066798739126,
                    6.432626855832712
                ],
                [
                    7.177479816853252,
                    1.3611353326262696
                ]
            ]
        },
        {
            "id": "D2",
            "skills": [
                "search"
            ],
            "cost": 1,
            "time": 1,
            "quality": 1,
            "initial_battery": 100,
            "initial_position": [
                5.0,
                5.0
            ],
            "route_type": "fixed_patrol",
            "route": [
                [
                    4.685570954854936,
                    2.735587509025655
                ],
                [
                    2.70751755958468,
                    8.765099690329606
                ],
                [
                    3.739456402427968,
                    4.314010757324302
                ],
                [
                    5.950726432046325,
                    4.095713685131257
                ],
                [
                    8.741981683245296,
                    7.048847423026581
                ]
            ]
        },
        {
            "id": "D3",
            "skills": [
                "search"
            ],
            "cost": 1,
            "time": 1,
            "quality": 1,
            "initial_battery": 100,
            "initial_position": [
                5.0,
                5.0
            ],
            "route_type": "fixed_patrol",
            "route": [
                [
                    4.447200575467539,
                    2.9610380340127254
                ],
                [
                    5.679056922674985,
                    1.1883969160493573
                ],
                [
                    1.1474117649796103,
                    5.764717066003549
                ],
                [
                    6.6400036474090385,
                    3.113358005340312
                ],
                [
                    2.78330677785791,
                    3.3119005849874803
                ]
            ]
        }
    ]
}