{
    "simulation_ticks": 200,
    "tick_delay_seconds": 0.1,
    "pyfly_config_path": "mock_config.txt",
    "pyfly_param_path": "mock_param.txt",
    "mas_config": {
        "contract_frequency": 9999,
        "contract_skills": [
            "search",
            "rescue"
        ]
    },
    "drones": [
        {
            "id": "D1",
            "skills": [
                "search"
            ],
            "cost": 1,
            "time": 1,
            "quality": 1,
            "initial_battery": 100,
            "initial_position": [
                5.0,
                5.0
            ],
            "route_type": "fixed_patrol",
            "route": [
                [
                    8.686112255580191,
                    2.9599626842803897
                ],
                [
                    6.937168799625624,
                    8.138474690524333
                ],
                [
                    5.039920355532987,
                    5.055971246206788
                ],
                [
                    2.05319628223144,
                    1.9014304080039652
                ],
                [
                    1.663758561201334,
                    2.3309369245966822
                ]
            ]
        },
        {
            "id": "D2",
            "skills": [
                "search"
            ],
            "cost": 1,
            "time": 1,
            "quality": 1,
            "initial_battery": 100,
            "initial_position": [
                5.0,
                5.0
            ],
            "route_type": "fixed_patrol",
            "route": [
                [
                    4.05033325398778,
                    4.353138765564943
                ],
                [
                    6.748352501416324,
                    6.495759018055322
                ],
                [
                    6.920884955056039,
                    3.6477066529315225
                ],
                [
                    4.408762385114746,
                    3.740851595166812
                ],
                [
                    2.023875733978846,
                    2.238454311344686
                ]
            ]
        },
        {
            "id": "D3",
            "skills": [
                "search"
            ],
            "cost": 1,
            "time": 1,
            "quality": 1,
            "initial_battery": 100,
            "initial_position": [
                5.0,
                5.0
            ],
            "route_type": "fixed_patrol",
            "route": [
                [
                    8.292524379534072,
                    4.863912756888314
                ],
                [
                    7.189615070029478,
                    4.96703417069399
                ],
                [
                    7.980296556514594,
                    6.110727033965764
                ],
                [
                    2.502897865015858,
                    4.057262333835853
                ],
                [
                    7.470340036361346,
                    1.589375112456799
                ]
            ]
        }
    ]
}