{
    "simulation_ticks": 200,
    "tick_delay_seconds": 0.1,
    "pyfly_config_path": "mock_config.txt",
    "pyfly_param_path": "mock_param.txt",
    "mas_config": {
        "contract_frequency": 9999,
        "contract_skills": [
            "search",
            "rescue"
        ]
    },
    "drones": [
        {
            "id": "D1",
            "skills": [
                "search"
            ],
            "cost": 1,
            "time": 1,
            "quality": 1,
            "initial_battery": 100,
            "initial_position": [
                5.0,
                5.0
            ],
            "route_type": "fixed_patrol",
            "route": [
                [
                    6.470455979184793,
                    7.804080522208465
                ],
                [
                    2.0866806818496624,
                    3.3328001082659604
                ],
                [
                    1.6778878048295658,
                    3.8512726278022438
                ],
                [
                    1.3662732743957973,
                    3.1072288545104554
                ],
                [
                    8.734384427884622,
                    8.455121448876044
                ]
            ]
        },
        {
            "id": "D2",
            "skills": [
                "search"
            ],
            "cost": 1,
            "time": 1,
            "quality": 1,
            "initial_battery": 100,
            "initial_position": [
                5.0,
                5.0
            ],
            "route_type": "fixed_patrol",
            "route": [
                [
                    2.9092468401594846,
                    4.968958409136047
                ],
                [
                    8.515859312477101,
                    1.4815766055287787
                ],
                [
                    1.3799367048959628,
                    4.330471530608853
                ],
                [
                    7.521216081292693,
                    3.245323549409065
                ],
                [
                    1.0873282699984301,
                    5.151772626504195
                ]
            ]
        },
        {
            "id": "D3",
            "skills": [
                "search"
            ],
            "cost": 1,
            "time": 1,
            "quality": 1,
            "initial_battery": 100,
            "initial_position": [
                5.0,
                5.0
            ],
            "route_type": "fixed_patrol",
            "route": [
                [
                    7.499011398598902,
                    4.58937147669282
                ],
                [
                    5.089522294302372,
                    5.66130931061817
                ],
                [
                    5.430977495119404,
                    3.076935533732769
                ],
                [
                    6.596900788574164,
                    6.890342070813169
                ],
                [
                    5.881578075324354,
                    8.624143006432009
                ]
            ]
        }
    ]
}